Time,Branch,Latency,Jitter,Status,RSRP,SINR,Cloud_H,Cloud_U
2026-03-17 12:59:03,Lagos_HQ,301.46,689.51,UP,-99,14,4,0
2026-03-17 12:59:03,Abuja_Branch,362.64,170.2,UP,-82,2,4,0
2026-03-17 12:59:03,Benin_Branch,306.58,13.61,UP,-82,21,4,0
2026-03-17 12:59:38,Lagos_HQ,506.26,272.06,UP,-83,-5,2,0
2026-03-17 12:59:38,Abuja_Branch,687.66,569.25,UP,-76,22,2,0
2026-03-17 12:59:38,Benin_Branch,600.12,342.28,UP,-90,-4,2,0
2026-03-17 12:59:56,Lagos_HQ,61.87,29.72,UP,-77,16,2,0
2026-03-17 12:59:56,Abuja_Branch,193.81,1.16,UP,-71,-2,2,0
2026-03-17 12:59:56,Benin_Branch,181.86,39.72,UP,-95,22,2,0
2026-03-17 13:00:09,Lagos_HQ,88.47,28.63,UP,-93,-2,4,0
2026-03-17 13:00:09,Abuja_Branch,190.6,4.62,UP,-108,22,4,0
2026-03-17 13:00:09,Benin_Branch,1000.0,0.0,UP,-99,-3,4,0
2026-03-17 13:00:25,Lagos_HQ,330.99,445.48,UP,-102,-5,3,0
2026-03-17 13:00:25,Abuja_Branch,292.53,64.13,UP,-83,6,3,0
2026-03-17 13:00:25,Benin_Branch,1000.0,0.0,UP,-101,22,3,0
2026-03-17 13:00:42,Lagos_HQ,60.92,7.89,UP,-103,23,4,0
2026-03-17 13:00:42,Abuja_Branch,186.84,30.19,UP,-76,-2,4,0
2026-03-17 13:00:42,Benin_Branch,178.16,14.61,UP,-102,4,4,0
2026-03-17 13:00:55,Lagos_HQ,61.92,48.63,UP,-84,2,2,0
2026-03-17 13:00:55,Abuja_Branch,177.9,5.07,UP,-77,0,2,0
2026-03-17 13:00:55,Benin_Branch,204.18,21.05,UP,-85,8,2,0
2026-03-17 13:01:09,Lagos_HQ,60.08,27.73,UP,-82,24,2,0
2026-03-17 13:01:09,Abuja_Branch,160.9,5.48,UP,-94,-2,2,0
2026-03-17 13:01:09,Benin_Branch,219.36,4.75,UP,-73,4,2,0
2026-03-17 13:01:22,Lagos_HQ,56.58,0.54,UP,-71,17,4,0
2026-03-17 13:01:22,Abuja_Branch,184.03,4.06,UP,-89,18,4,0
2026-03-17 13:01:22,Benin_Branch,274.6,118.83,UP,-88,-3,4,0
2026-03-17 13:01:36,Lagos_HQ,307.19,164.27,UP,-104,0,4,0
2026-03-17 13:01:36,Abuja_Branch,298.54,0.17,UP,-78,1,4,0
2026-03-17 13:01:36,Benin_Branch,417.22,17.89,UP,-106,3,4,0
2026-03-17 13:01:51,Lagos_HQ,360.23,996.01,UP,-79,17,3,0
2026-03-17 13:01:51,Abuja_Branch,279.01,67.35,UP,-98,14,3,0
2026-03-17 13:01:51,Benin_Branch,204.1,2.99,UP,-94,23,3,0
2026-03-17 13:02:05,Lagos_HQ,367.63,950.36,UP,-79,21,2,0
2026-03-17 13:02:05,Abuja_Branch,178.5,4.79,UP,-87,12,2,0
2026-03-17 13:02:05,Benin_Branch,243.28,199.42,UP,-88,20,2,0
2026-03-17 13:02:20,Lagos_HQ,149.6,33.19,UP,-103,16,3,0
2026-03-17 13:02:20,Abuja_Branch,176.14,14.47,UP,-91,19,3,0
2026-03-17 13:02:20,Benin_Branch,178.8,15.81,UP,-108,1,3,0
2026-03-17 13:02:33,Lagos_HQ,44.21,8.23,UP,-102,2,4,0
2026-03-17 13:02:33,Abuja_Branch,176.48,26.7,UP,-78,-5,4,0
2026-03-17 13:02:33,Benin_Branch,180.48,23.75,UP,-105,2,4,0
2026-03-17 13:02:47,Lagos_HQ,88.99,21.76,UP,-107,10,3,0
2026-03-17 13:02:47,Abuja_Branch,307.14,56.78,UP,-105,2,3,0
2026-03-17 13:02:47,Benin_Branch,210.49,55.33,UP,-71,6,3,0
2026-03-17 13:03:01,Lagos_HQ,136.9,140.06,UP,-106,13,2,0
2026-03-17 13:03:01,Abuja_Branch,166.82,15.9,UP,-101,3,2,0
2026-03-17 13:03:01,Benin_Branch,179.33,35.47,UP,-89,0,2,0
2026-03-17 13:03:14,Lagos_HQ,65.44,1.96,UP,-102,21,3,0
2026-03-17 13:03:14,Abuja_Branch,287.92,28.06,UP,-87,23,3,0
2026-03-17 13:03:14,Benin_Branch,526.56,512.89,UP,-70,8,3,0
2026-03-17 13:03:29,Lagos_HQ,869.05,158.27,UP,-108,17,3,0
2026-03-17 13:03:29,Abuja_Branch,613.2,2.55,UP,-75,7,3,0
2026-03-17 13:03:29,Benin_Branch,368.66,208.44,UP,-70,7,3,0
2026-03-17 13:03:46,Lagos_HQ,66.61,17.84,UP,-97,1,2,0
2026-03-17 13:03:46,Abuja_Branch,356.35,326.39,UP,-85,9,2,0
2026-03-17 13:03:46,Benin_Branch,208.2,22.39,UP,-75,20,2,0
2026-03-17 13:04:00,Lagos_HQ,73.73,62.14,UP,-76,5,4,0
2026-03-17 13:04:00,Abuja_Branch,190.57,64.57,UP,-86,25,4,0
2026-03-17 13:04:00,Benin_Branch,192.28,31.96,UP,-77,14,4,0
2026-03-17 13:04:14,Lagos_HQ,139.92,0.26,UP,-91,9,3,0
2026-03-17 13:04:14,Abuja_Branch,270.81,28.76,UP,-86,23,3,0
2026-03-17 13:04:14,Benin_Branch,185.59,3.78,UP,-88,2,3,0
2026-03-17 13:04:28,Lagos_HQ,78.56,9.55,UP,-84,2,2,0
2026-03-17 13:04:28,Abuja_Branch,392.7,11.84,UP,-103,24,2,0
2026-03-17 13:04:28,Benin_Branch,228.19,43.5,UP,-85,5,2,0
2026-03-17 13:04:42,Lagos_HQ,496.22,627.52,UP,-102,22,3,0
2026-03-17 13:04:42,Abuja_Branch,373.74,312.16,UP,-88,2,3,0
2026-03-17 13:04:42,Benin_Branch,538.11,533.96,UP,-73,-4,3,0
2026-03-17 13:05:00,Lagos_HQ,89.86,38.44,UP,-96,20,3,0
2026-03-17 13:05:00,Abuja_Branch,289.78,38.56,UP,-109,0,3,0
2026-03-17 13:05:00,Benin_Branch,333.8,170.14,UP,-108,19,3,0
2026-03-17 13:05:14,Lagos_HQ,1000.0,0,UP,-109,10,3,0
2026-03-17 13:05:14,Abuja_Branch,1000.0,0,UP,-89,5,3,0
2026-03-17 13:05:14,Benin_Branch,1000.0,0,UP,-73,-5,3,0
2026-03-17 13:05:35,Lagos_HQ,1000.0,0,UP,-110,10,3,0
2026-03-17 13:05:35,Abuja_Branch,1000.0,0,UP,-103,3,3,0
2026-03-17 13:05:35,Benin_Branch,1000.0,0,UP,-83,23,3,0
2026-03-17 13:05:56,Lagos_HQ,1000.0,0,UP,-98,3,3,0
2026-03-17 13:05:56,Abuja_Branch,1000.0,0,UP,-72,-3,3,0
2026-03-17 13:05:56,Benin_Branch,1000.0,0,UP,-71,16,3,0
2026-03-17 13:06:17,Lagos_HQ,1000.0,0,UP,-96,9,4,0
2026-03-17 13:06:17,Abuja_Branch,1000.0,0,UP,-92,-1,4,0
2026-03-17 13:06:17,Benin_Branch,1000.0,0,UP,-103,5,4,0
2026-03-17 13:06:38,Lagos_HQ,1000.0,0,UP,-102,2,3,0
2026-03-17 13:06:38,Abuja_Branch,1000.0,0,UP,-110,-1,3,0
2026-03-17 13:06:38,Benin_Branch,1000.0,0,UP,-80,13,3,0
2026-03-17 13:06:59,Lagos_HQ,1000.0,0,UP,-86,4,2,0
2026-03-17 13:06:59,Abuja_Branch,1000.0,0,UP,-92,20,2,0
2026-03-17 13:06:59,Benin_Branch,1000.0,0,UP,-93,24,2,0
2026-03-17 13:07:21,Lagos_HQ,1000.0,0,UP,-71,0,4,0
2026-03-17 13:07:21,Abuja_Branch,1000.0,0,UP,-94,23,4,0
2026-03-17 13:07:21,Benin_Branch,1000.0,0,UP,-76,-5,4,0
2026-03-17 13:07:42,Lagos_HQ,1000.0,0,UP,-78,17,4,0
2026-03-17 13:07:42,Abuja_Branch,1000.0,0,UP,-101,11,4,0
2026-03-17 13:07:42,Benin_Branch,1000.0,0,UP,-82,-5,4,0
2026-03-17 13:08:03,Lagos_HQ,1000.0,0,UP,-102,14,4,0
2026-03-17 13:08:03,Abuja_Branch,1000.0,0,UP,-105,-1,4,0
2026-03-17 13:08:03,Benin_Branch,1000.0,0,UP,-99,8,4,0
2026-03-17 13:08:24,Lagos_HQ,1000.0,0,UP,-96,-3,2,0
2026-03-17 13:08:24,Abuja_Branch,1000.0,0,UP,-84,5,2,0
2026-03-17 13:08:24,Benin_Branch,1000.0,0,UP,-98,1,2,0
2026-03-17 13:08:45,Lagos_HQ,1000.0,0,UP,-93,9,4,0
2026-03-17 13:08:45,Abuja_Branch,1000.0,0,UP,-106,7,4,0
2026-03-17 13:08:45,Benin_Branch,1000.0,0,UP,-107,8,4,0
2026-03-17 13:09:06,Lagos_HQ,297.0,149.97,UP,-86,2,4,0
2026-03-17 13:09:06,Abuja_Branch,307.92,3.93,UP,-80,6,4,0
2026-03-17 13:09:06,Benin_Branch,408.22,2.23,UP,-80,13,4,0
2026-03-17 13:09:21,Lagos_HQ,303.55,297.88,UP,-89,-4,3,0
2026-03-17 13:09:21,Abuja_Branch,374.3,204.14,UP,-106,5,3,0
2026-03-17 13:09:21,Benin_Branch,509.24,474.87,UP,-110,15,3,0
2026-03-17 13:09:37,Lagos_HQ,936.53,0.0,UP,-102,16,2,0
2026-03-17 13:09:37,Abuja_Branch,660.61,18.23,UP,-109,13,2,0
2026-03-17 13:09:37,Benin_Branch,408.08,304.78,UP,-80,7,2,0
2026-03-17 13:09:55,Lagos_HQ,576.25,320.38,UP,-70,-5,2,0
2026-03-17 13:09:55,Abuja_Branch,308.54,20.39,UP,-85,13,2,0
2026-03-17 13:09:55,Benin_Branch,1000.0,0.0,UP,-85,-1,2,0
2026-03-17 13:10:13,Lagos_HQ,1000.0,0,UP,-74,19,4,0
2026-03-17 13:10:13,Abuja_Branch,1000.0,0,UP,-70,0,4,0
2026-03-17 13:10:13,Benin_Branch,1000.0,0,UP,-79,10,4,0
2026-03-17 13:10:34,Lagos_HQ,768.38,205.46,UP,-106,22,2,0
2026-03-17 13:10:34,Abuja_Branch,682.07,286.75,UP,-83,8,2,0
2026-03-17 13:10:34,Benin_Branch,573.4,280.06,UP,-105,-2,2,0
2026-03-17 13:10:52,Lagos_HQ,379.1,369.7,UP,-73,-1,3,0
2026-03-17 13:10:52,Abuja_Branch,913.78,0.0,UP,-90,6,3,0
2026-03-17 13:10:52,Benin_Branch,686.88,322.83,UP,-71,-1,3,0
2026-03-17 13:11:10,Lagos_HQ,549.88,424.15,UP,-102,23,2,0
2026-03-17 13:11:10,Abuja_Branch,511.09,188.05,UP,-102,7,2,0
2026-03-17 13:11:10,Benin_Branch,290.98,1.48,UP,-91,4,2,0
2026-03-17 13:11:27,Lagos_HQ,329.75,375.56,UP,-96,-1,3,0
2026-03-17 13:11:27,Abuja_Branch,579.11,102.91,UP,-91,25,3,0
2026-03-17 13:11:27,Benin_Branch,488.4,518.83,UP,-82,-4,3,0
2026-03-17 13:11:43,Lagos_HQ,337.82,399.99,UP,-70,8,3,0
2026-03-17 13:11:43,Abuja_Branch,374.34,204.4,UP,-95,2,3,0
2026-03-17 13:11:43,Benin_Branch,306.17,0.81,UP,-107,10,3,0
2026-03-17 13:11:58,Lagos_HQ,597.06,564.09,UP,-104,1,3,0
2026-03-17 13:11:58,Abuja_Branch,511.26,306.82,UP,-99,20,3,0
2026-03-17 13:11:58,Benin_Branch,510.71,306.11,UP,-97,8,3,0
2026-03-17 13:12:15,Lagos_HQ,299.3,284.58,UP,-97,11,3,0
2026-03-17 13:12:15,Abuja_Branch,579.29,102.82,UP,-103,-3,3,0
2026-03-17 13:12:15,Benin_Branch,306.21,0.04,UP,-94,15,3,0
2026-03-17 13:12:31,Lagos_HQ,374.1,304.8,UP,-72,14,3,0
2026-03-17 13:12:31,Abuja_Branch,340.2,100.5,UP,-73,1,3,0
2026-03-17 13:12:31,Benin_Branch,306.4,0.82,UP,-108,25,3,0
2026-03-17 13:12:46,Lagos_HQ,482.02,24.16,UP,-104,25,3,0
2026-03-17 13:12:46,Abuja_Branch,351.52,112.78,UP,-92,15,3,0
2026-03-17 13:12:46,Benin_Branch,285.25,7.95,UP,-93,9,3,0
2026-03-17 13:13:02,Lagos_HQ,377.58,311.59,UP,-109,1,4,0
2026-03-17 13:13:02,Abuja_Branch,393.31,207.2,UP,-101,20,4,0
2026-03-17 13:13:02,Benin_Branch,823.07,365.43,UP,-88,11,4,0
2026-03-17 13:13:20,Lagos_HQ,55.49,11.25,UP,-107,20,2,0
2026-03-17 13:13:20,Abuja_Branch,244.73,114.17,UP,-83,1,2,0
2026-03-17 13:13:20,Benin_Branch,235.61,150.4,UP,-104,4,2,0
2026-03-17 13:13:34,Lagos_HQ,405.05,403.15,UP,-95,24,2,0
2026-03-17 13:13:34,Abuja_Branch,512.42,1.72,UP,-79,-1,2,0
2026-03-17 13:13:34,Benin_Branch,192.98,3.37,UP,-71,17,2,0
2026-03-17 13:13:50,Lagos_HQ,197.1,18.98,UP,-106,7,4,0
2026-03-17 13:13:50,Abuja_Branch,333.77,102.06,UP,-77,19,4,0
2026-03-17 13:13:50,Benin_Branch,313.88,20.47,UP,-75,10,4,0
2026-03-17 13:14:06,Lagos_HQ,324.68,248.07,UP,-73,4,2,0
2026-03-17 13:14:06,Abuja_Branch,439.33,575.72,UP,-93,8,2,0
2026-03-17 13:14:06,Benin_Branch,306.37,260.08,UP,-74,4,2,0
2026-03-17 13:14:21,Lagos_HQ,393.95,568.76,UP,-77,13,2,0
2026-03-17 13:14:21,Abuja_Branch,374.71,204.35,UP,-75,17,2,0
2026-03-17 13:14:21,Benin_Branch,408.68,305.35,UP,-79,21,2,0
2026-03-17 13:14:37,Lagos_HQ,46.2,2.27,UP,-97,0,4,0
2026-03-17 13:14:37,Abuja_Branch,549.76,242.79,UP,-70,18,4,0
2026-03-17 13:14:37,Benin_Branch,413.81,118.73,UP,-85,13,4,0
2026-03-17 13:14:53,Lagos_HQ,404.59,601.15,UP,-101,24,3,0
2026-03-17 13:14:53,Abuja_Branch,374.52,203.33,UP,-76,-5,3,0
2026-03-17 13:14:53,Benin_Branch,306.66,0.39,UP,-71,12,3,0
2026-03-17 13:15:08,Lagos_HQ,379.11,372.57,UP,-105,6,3,0
2026-03-17 13:15:08,Abuja_Branch,423.45,744.33,UP,-96,23,3,0
2026-03-17 13:15:08,Benin_Branch,163.15,0.58,UP,-107,23,3,0
2026-03-17 13:15:24,Lagos_HQ,386.39,547.95,UP,-72,8,3,0
2026-03-17 13:15:24,Abuja_Branch,373.71,203.35,UP,-82,20,3,0
2026-03-17 13:15:24,Benin_Branch,306.6,0.28,UP,-106,4,3,0
2026-03-17 13:15:40,Lagos_HQ,1000.0,0,UP,-83,5,2,0
2026-03-17 13:15:40,Abuja_Branch,1000.0,0,UP,-88,7,2,0
2026-03-17 13:15:40,Benin_Branch,699.3,0,UP,-82,-2,2,0
2026-03-17 13:16:00,Lagos_HQ,477.75,558.54,UP,-96,18,4,0
2026-03-17 13:16:00,Abuja_Branch,306.34,1.24,UP,-89,-4,4,0
2026-03-17 13:16:00,Benin_Branch,306.16,0.19,UP,-94,24,4,0
2026-03-17 13:16:15,Lagos_HQ,352.52,437.79,UP,-95,12,4,0
2026-03-17 13:16:15,Abuja_Branch,374.26,203.82,UP,-79,17,4,0
2026-03-17 13:16:15,Benin_Branch,306.1,0.07,UP,-110,0,4,0
2026-03-17 13:16:31,Lagos_HQ,1000.0,0,UP,-80,3,4,0
2026-03-17 13:16:31,Abuja_Branch,1000.0,0,UP,-74,19,4,0
2026-03-17 13:16:31,Benin_Branch,1000.0,0,UP,-99,9,4,0
2026-03-17 13:16:52,Lagos_HQ,365.66,485.73,UP,-85,4,4,0
2026-03-17 13:16:52,Abuja_Branch,374.51,205.93,UP,-84,8,4,0
2026-03-17 13:16:52,Benin_Branch,408.57,309.47,UP,-75,14,4,0
2026-03-17 13:17:08,Lagos_HQ,384.32,540.71,UP,-84,24,4,0
2026-03-17 13:17:08,Abuja_Branch,374.59,204.26,UP,-87,12,4,0
2026-03-17 13:17:08,Benin_Branch,306.21,1.81,UP,-90,24,4,0
2026-03-17 13:17:23,Lagos_HQ,397.21,579.61,UP,-110,25,3,0
2026-03-17 13:17:23,Abuja_Branch,374.43,203.64,UP,-85,16,3,0
2026-03-17 13:17:23,Benin_Branch,306.12,0.39,UP,-83,-2,3,0
2026-03-17 13:17:38,Lagos_HQ,306.86,311.52,UP,-107,-4,4,0
2026-03-17 13:17:38,Abuja_Branch,374.13,203.19,UP,-95,12,4,0
2026-03-17 13:17:38,Benin_Branch,306.39,0.7,UP,-73,1,4,0
2026-03-17 13:17:53,Lagos_HQ,519.93,379.03,UP,-92,2,3,0
2026-03-17 13:17:53,Abuja_Branch,307.78,310.6,UP,-87,9,3,0
2026-03-17 13:17:53,Benin_Branch,340.44,410.22,UP,-97,14,3,0
2026-03-17 13:18:09,Lagos_HQ,67.68,19.61,UP,-84,3,3,0
2026-03-17 13:18:09,Abuja_Branch,201.84,6.24,UP,-104,6,3,0
2026-03-17 13:18:09,Benin_Branch,203.89,0.55,UP,-99,10,3,0
2026-03-17 13:18:23,Lagos_HQ,1000.0,0,UP,-109,17,3,0
2026-03-17 13:18:23,Abuja_Branch,1000.0,0,UP,-84,19,3,0
2026-03-17 13:18:23,Benin_Branch,1000.0,0,UP,-105,0,3,0
2026-03-17 13:18:44,Lagos_HQ,389.05,555.4,UP,-100,6,2,0
2026-03-17 13:18:44,Abuja_Branch,579.54,326.15,UP,-97,18,2,0
2026-03-17 13:18:44,Benin_Branch,203.33,5.33,UP,-108,9,2,0
2026-03-17 13:19:00,Lagos_HQ,198.79,15.7,UP,-93,25,2,0
2026-03-17 13:19:00,Abuja_Branch,511.03,549.4,UP,-88,3,2,0
2026-03-17 13:19:00,Benin_Branch,237.76,101.73,UP,-79,9,2,0
2026-03-17 13:19:15,Lagos_HQ,280.34,227.22,UP,-98,22,2,0
2026-03-17 13:19:15,Abuja_Branch,368.7,204.98,UP,-85,10,2,0
2026-03-17 13:19:15,Benin_Branch,414.66,162.07,UP,-86,18,2,0
2026-03-17 13:19:31,Lagos_HQ,354.99,998.22,UP,-86,-4,3,0
2026-03-17 13:19:31,Abuja_Branch,289.9,207.93,UP,-75,24,3,0
2026-03-17 13:19:31,Benin_Branch,469.06,2.29,UP,-110,5,3,0
2026-03-17 13:19:46,Lagos_HQ,373.47,917.8,UP,-101,4,4,0
2026-03-17 13:19:46,Abuja_Branch,781.84,654.48,UP,-88,11,4,0
2026-03-17 13:19:46,Benin_Branch,1000.0,0.0,UP,-82,5,4,0
2026-03-17 13:20:05,Lagos_HQ,706.0,107.54,UP,-80,2,3,0
2026-03-17 13:20:05,Abuja_Branch,445.44,958.65,UP,-73,9,3,0
2026-03-17 13:20:05,Benin_Branch,509.77,677.96,UP,-90,15,3,0
2026-03-17 13:20:22,Lagos_HQ,400.54,702.0,UP,-83,-2,4,0
2026-03-17 13:20:22,Abuja_Branch,746.99,211.11,UP,-81,17,4,0
2026-03-17 13:20:22,Benin_Branch,612.98,1.6,UP,-99,25,4,0
2026-03-17 13:20:39,Lagos_HQ,418.43,438.02,UP,-92,8,4,0
2026-03-17 13:20:39,Abuja_Branch,442.66,205.81,UP,-92,-2,4,0
2026-03-17 13:20:39,Benin_Branch,408.66,306.15,UP,-71,15,4,0
2026-03-17 13:20:55,Lagos_HQ,242.16,114.12,UP,-88,-1,4,0
2026-03-17 13:20:55,Abuja_Branch,477.11,204.73,UP,-103,6,4,0
2026-03-17 13:20:55,Benin_Branch,408.91,306.7,UP,-83,12,4,0
2026-03-17 13:21:11,Lagos_HQ,367.03,497.14,UP,-95,-1,3,0
2026-03-17 13:21:11,Abuja_Branch,579.4,103.4,UP,-93,22,3,0
2026-03-17 13:21:11,Benin_Branch,306.04,1.15,UP,-71,-2,3,0
2026-03-17 13:21:27,Lagos_HQ,446.36,519.57,UP,-100,18,3,0
2026-03-17 13:21:27,Abuja_Branch,340.3,100.68,UP,-91,7,3,0
2026-03-17 13:21:27,Benin_Branch,408.75,307.97,UP,-110,-1,3,0
2026-03-17 13:21:43,Lagos_HQ,351.88,237.93,UP,-109,10,3,0
2026-03-17 13:21:43,Abuja_Branch,442.58,206.56,UP,-84,25,3,0
2026-03-17 13:21:43,Benin_Branch,715.99,307.71,UP,-86,17,3,0
2026-03-17 13:21:59,Lagos_HQ,682.39,203.46,UP,-78,20,3,0
2026-03-17 13:21:59,Abuja_Branch,715.75,304.63,UP,-83,17,3,0
2026-03-17 13:21:59,Benin_Branch,510.89,0.73,UP,-108,10,3,0
2026-03-17 13:22:17,Lagos_HQ,540.71,191.33,UP,-82,0,4,0
2026-03-17 13:22:17,Abuja_Branch,340.42,101.28,UP,-99,9,4,0
2026-03-17 13:22:17,Benin_Branch,613.23,0.88,UP,-81,25,4,0
2026-03-17 13:22:34,Lagos_HQ,460.15,50.4,UP,-93,24,2,0
2026-03-17 13:22:34,Abuja_Branch,561.59,695.44,UP,-104,17,2,0
2026-03-17 13:22:34,Benin_Branch,457.08,162.61,UP,-95,16,2,0
2026-03-17 13:22:50,Lagos_HQ,766.44,157.16,UP,-106,13,3,0
2026-03-17 13:22:50,Abuja_Branch,613.68,0.64,UP,-90,-5,3,0
2026-03-17 13:22:50,Benin_Branch,510.73,306.52,UP,-91,24,3,0
2026-03-17 13:23:08,Lagos_HQ,372.48,196.53,UP,-94,10,2,0
2026-03-17 13:23:08,Abuja_Branch,306.46,0.23,UP,-96,4,2,0
2026-03-17 13:23:08,Benin_Branch,613.53,0.85,UP,-80,5,2,0
2026-03-17 13:23:24,Lagos_HQ,415.6,428.81,UP,-106,-5,4,0
2026-03-17 13:23:24,Abuja_Branch,340.29,101.61,UP,-75,-1,4,0
2026-03-17 13:23:24,Benin_Branch,306.05,1.24,UP,-104,11,4,0
2026-03-17 13:23:40,Lagos_HQ,399.39,232.76,UP,-76,22,2,0
2026-03-17 13:23:40,Abuja_Branch,340.45,101.56,UP,-72,17,2,0
2026-03-17 13:23:40,Benin_Branch,306.17,1.71,UP,-75,17,2,0
2026-03-17 13:23:55,Lagos_HQ,101.01,53.1,UP,-88,13,3,0
2026-03-17 13:23:55,Abuja_Branch,281.63,232.48,UP,-105,1,3,0
2026-03-17 13:23:55,Benin_Branch,578.24,797.09,UP,-91,-5,3,0
2026-03-17 13:24:10,Lagos_HQ,384.07,540.2,UP,-84,0,3,0
2026-03-17 13:24:10,Abuja_Branch,374.41,203.1,UP,-96,10,3,0
2026-03-17 13:24:10,Benin_Branch,306.03,1.19,UP,-73,10,3,0
2026-03-17 13:24:26,Lagos_HQ,382.47,535.64,UP,-106,7,3,0
2026-03-17 13:24:26,Abuja_Branch,374.43,204.23,UP,-71,18,3,0
2026-03-17 13:24:26,Benin_Branch,306.04,1.23,UP,-75,9,3,0
2026-03-17 13:24:41,Lagos_HQ,446.41,998.49,UP,-84,20,4,0
2026-03-17 13:24:41,Abuja_Branch,408.59,306.63,UP,-79,14,4,0
2026-03-17 13:24:41,Benin_Branch,305.89,0.91,UP,-70,17,4,0
2026-03-17 13:24:57,Lagos_HQ,371.92,503.2,UP,-104,3,4,0
2026-03-17 13:24:57,Abuja_Branch,477.07,204.55,UP,-82,-2,4,0
2026-03-17 13:24:57,Benin_Branch,305.96,1.26,UP,-106,5,4,0
2026-03-17 13:25:12,Lagos_HQ,433.51,688.33,UP,-89,-2,3,0
2026-03-17 13:25:12,Abuja_Branch,374.66,203.52,UP,-70,12,3,0
2026-03-17 13:25:12,Benin_Branch,306.17,0.97,UP,-91,10,3,0
2026-03-17 13:25:30,Lagos_HQ,359.61,466.34,UP,-90,-3,2,0
2026-03-17 13:25:30,Abuja_Branch,476.69,204.18,UP,-86,2,2,0
2026-03-17 13:25:30,Benin_Branch,306.01,3.35,UP,-108,6,2,0
2026-03-17 13:25:48,Lagos_HQ,465.56,580.16,UP,-85,25,4,0
2026-03-17 13:25:48,Abuja_Branch,408.99,308.33,UP,-88,7,4,0
2026-03-17 13:25:48,Benin_Branch,203.2,2.44,UP,-93,5,4,0
2026-03-17 13:26:03,Lagos_HQ,356.68,457.97,UP,-95,5,4,0
2026-03-17 13:26:03,Abuja_Branch,374.44,203.72,UP,-101,10,4,0
2026-03-17 13:26:03,Benin_Branch,306.29,1.31,UP,-71,7,4,0
2026-03-17 13:26:22,Lagos_HQ,387.78,551.12,UP,-77,4,4,0
2026-03-17 13:26:22,Abuja_Branch,350.78,131.58,UP,-82,0,4,0
2026-03-17 13:26:22,Benin_Branch,306.04,81.15,UP,-107,6,4,0
2026-03-17 13:26:42,Lagos_HQ,181.91,16.41,UP,-96,6,3,0
2026-03-17 13:26:42,Abuja_Branch,425.16,663.96,UP,-90,6,3,0
2026-03-17 13:26:42,Benin_Branch,170.09,19.22,UP,-89,1,3,0
2026-03-17 13:26:57,Lagos_HQ,1000.0,0.0,UP,-71,-5,3,0
2026-03-17 13:26:57,Abuja_Branch,497.21,573.43,UP,-74,24,3,0
2026-03-17 13:26:57,Benin_Branch,306.03,1.38,UP,-106,17,3,0
2026-03-17 13:27:20,Lagos_HQ,316.49,337.99,UP,-100,12,3,0
2026-03-17 13:27:20,Abuja_Branch,374.26,202.59,UP,-82,11,3,0
2026-03-17 13:27:20,Benin_Branch,306.33,1.26,UP,-88,25,3,0
2026-03-17 13:27:35,Lagos_HQ,1000.0,0.0,UP,-76,18,4,0
2026-03-17 13:27:35,Abuja_Branch,875.92,0.0,UP,-107,21,4,0
2026-03-17 13:27:35,Benin_Branch,442.87,179.7,UP,-86,-3,4,0
2026-03-17 13:27:54,Lagos_HQ,1000.0,0.0,UP,-102,17,3,0
2026-03-17 13:27:54,Abuja_Branch,1000.0,0.0,UP,-89,24,3,0
2026-03-17 13:27:54,Benin_Branch,474.92,510.43,UP,-96,11,3,0
2026-03-17 13:28:15,Lagos_HQ,395.99,370.79,UP,-100,17,2,0
2026-03-17 13:28:15,Abuja_Branch,340.37,101.16,UP,-72,1,2,0
2026-03-17 13:28:15,Benin_Branch,306.13,1.03,UP,-77,24,2,0
2026-03-17 13:29:30,Lagos_HQ,432.67,377.85,UP,-98,17,2,0
2026-03-17 13:29:30,Abuja_Branch,408.64,306.3,UP,-87,3,2,0
2026-03-17 13:29:30,Benin_Branch,306.26,1.35,UP,-107,2,2,0
2026-03-17 13:29:46,Lagos_HQ,456.64,997.86,UP,-86,-1,4,0
2026-03-17 13:29:46,Abuja_Branch,408.57,307.49,UP,-89,12,4,0
2026-03-17 13:29:46,Benin_Branch,511.14,306.99,UP,-82,22,4,0
2026-03-17 13:30:04,Lagos_HQ,659.73,138.96,UP,-75,2,4,0
2026-03-17 13:30:04,Abuja_Branch,682.39,272.94,UP,-96,-4,4,0
2026-03-17 13:30:04,Benin_Branch,544.47,207.86,UP,-84,18,4,0
2026-03-17 13:30:22,Lagos_HQ,446.77,423.28,UP,-88,7,3,0
2026-03-17 13:30:22,Abuja_Branch,306.35,1.59,UP,-84,23,3,0
2026-03-17 13:30:22,Benin_Branch,613.33,410.92,UP,-98,7,3,0
2026-03-17 13:30:38,Lagos_HQ,629.45,157.6,UP,-92,13,4,0
2026-03-17 13:30:38,Abuja_Branch,442.74,101.77,UP,-86,10,4,0
2026-03-17 13:30:38,Benin_Branch,613.68,0.74,UP,-107,16,4,0
2026-03-17 13:30:55,Lagos_HQ,437.39,494.77,UP,-99,18,3,0
2026-03-17 13:30:55,Abuja_Branch,339.97,104.47,UP,-108,12,3,0
2026-03-17 13:30:55,Benin_Branch,408.95,307.74,UP,-102,4,3,0
2026-03-17 13:31:11,Lagos_HQ,419.31,441.12,UP,-107,19,2,0
2026-03-17 13:31:11,Abuja_Branch,443.02,101.76,UP,-79,23,2,0
2026-03-17 13:31:11,Benin_Branch,613.42,0.75,UP,-99,-1,2,0
2026-03-17 13:31:28,Lagos_HQ,413.95,423.2,UP,-103,10,4,0
2026-03-17 13:31:28,Abuja_Branch,442.75,101.14,UP,-96,4,4,0
2026-03-17 13:31:28,Benin_Branch,408.53,307.51,UP,-107,4,4,0
2026-03-17 13:31:44,Lagos_HQ,404.42,87.97,UP,-102,21,2,0
2026-03-17 13:31:44,Abuja_Branch,667.34,997.99,UP,-102,16,2,0
2026-03-17 13:31:44,Benin_Branch,551.37,345.95,UP,-85,23,2,0
2026-03-17 13:32:01,Lagos_HQ,468.64,589.42,UP,-72,25,3,0
2026-03-17 13:32:01,Abuja_Branch,729.03,80.32,UP,-109,12,3,0
2026-03-17 13:32:01,Benin_Branch,290.66,47.37,UP,-105,25,3,0
2026-03-17 13:32:18,Lagos_HQ,577.25,416.39,UP,-92,4,2,0
2026-03-17 13:32:18,Abuja_Branch,408.82,0.29,UP,-95,-3,2,0
2026-03-17 13:32:18,Benin_Branch,510.72,1.34,UP,-98,0,2,0
2026-03-17 13:32:34,Lagos_HQ,311.12,14.66,UP,-71,8,3,0
2026-03-17 13:32:34,Abuja_Branch,768.57,694.28,UP,-96,18,3,0
2026-03-17 13:32:34,Benin_Branch,652.6,561.62,UP,-82,15,3,0
2026-03-17 13:32:52,Lagos_HQ,512.08,465.35,UP,-78,14,4,0
2026-03-17 13:32:52,Abuja_Branch,1000.0,0.0,UP,-78,19,4,0
2026-03-17 13:32:52,Benin_Branch,1000.0,0.0,UP,-81,19,4,0
2026-03-17 13:33:13,Lagos_HQ,1000.0,0,UP,-96,14,3,0
2026-03-17 13:33:13,Abuja_Branch,1000.0,0,UP,-98,22,3,0
2026-03-17 13:33:13,Benin_Branch,1000.0,0,UP,-83,22,3,0
2026-03-17 13:33:36,Lagos_HQ,274.07,6.45,UP,-72,10,3,0
2026-03-17 13:33:36,Abuja_Branch,408.76,408.01,UP,-74,16,3,0
2026-03-17 13:33:36,Benin_Branch,510.95,714.59,UP,-103,5,3,0
2026-03-17 13:33:52,Lagos_HQ,1000.0,0.0,UP,-103,16,4,0
2026-03-17 13:33:52,Abuja_Branch,448.95,770.77,UP,-106,15,4,0
2026-03-17 13:33:52,Benin_Branch,237.64,104.95,UP,-103,11,4,0
2026-03-17 13:34:10,Lagos_HQ,54.99,4.68,UP,-109,14,2,0
2026-03-17 13:34:10,Abuja_Branch,197.96,17.6,UP,-78,3,2,0
2026-03-17 13:34:10,Benin_Branch,203.83,2.09,UP,-89,16,2,0
2026-03-17 13:34:24,Lagos_HQ,641.19,140.92,UP,-76,14,3,0
2026-03-17 13:34:24,Abuja_Branch,255.03,78.78,UP,-102,10,3,0
2026-03-17 13:34:24,Benin_Branch,238.23,102.12,UP,-71,12,3,0
2026-03-17 13:34:40,Lagos_HQ,61.03,18.16,UP,-93,1,2,0
2026-03-17 13:34:40,Abuja_Branch,251.67,141.39,UP,-84,11,2,0
2026-03-17 13:34:40,Benin_Branch,203.78,0.6,UP,-77,25,2,0
2026-03-17 13:34:54,Lagos_HQ,593.19,998.08,UP,-103,12,4,0
2026-03-17 13:34:54,Abuja_Branch,237.72,100.92,UP,-75,13,4,0
2026-03-17 13:34:54,Benin_Branch,272.27,103.0,UP,-101,7,4,0
2026-03-17 13:35:10,Lagos_HQ,522.47,750.81,UP,-81,7,2,0
2026-03-17 13:35:10,Abuja_Branch,408.41,1.18,UP,-93,2,2,0
2026-03-17 13:35:10,Benin_Branch,306.38,0.63,UP,-83,5,2,0
2026-03-17 13:35:26,Lagos_HQ,86.16,102.18,UP,-102,-3,3,0
2026-03-17 13:35:26,Abuja_Branch,690.35,338.6,UP,-70,19,3,0
2026-03-17 13:35:26,Benin_Branch,229.94,178.77,UP,-73,-1,3,0
2026-03-17 13:35:41,Lagos_HQ,69.14,9.81,UP,-110,18,2,0
2026-03-17 13:35:41,Abuja_Branch,214.62,71.12,UP,-78,-2,2,0
2026-03-17 13:35:41,Benin_Branch,245.69,87.67,UP,-84,5,2,0
2026-03-17 13:35:55,Lagos_HQ,125.04,16.08,UP,-107,12,2,0
2026-03-17 13:35:55,Abuja_Branch,306.49,198.33,UP,-83,25,2,0
2026-03-17 13:35:55,Benin_Branch,236.21,17.09,UP,-75,20,2,0
2026-03-17 13:36:09,Lagos_HQ,115.81,22.25,UP,-77,8,2,0
2026-03-17 13:36:09,Abuja_Branch,668.25,995.25,UP,-104,21,2,0
2026-03-17 13:36:09,Benin_Branch,301.67,371.88,UP,-73,0,2,0
2026-03-17 13:36:25,Lagos_HQ,49.96,25.31,UP,-104,7,4,0
2026-03-17 13:36:25,Abuja_Branch,258.7,230.58,UP,-73,5,4,0
2026-03-17 13:36:25,Benin_Branch,231.46,91.38,UP,-75,13,4,0
2026-03-17 13:36:40,Lagos_HQ,51.89,2.95,UP,-110,15,2,0
2026-03-17 13:36:40,Abuja_Branch,213.55,113.14,UP,-98,-3,2,0
2026-03-17 13:36:40,Benin_Branch,237.85,81.31,UP,-71,7,2,0
2026-03-17 13:36:53,Lagos_HQ,54.29,18.31,UP,-72,15,4,0
2026-03-17 13:36:53,Abuja_Branch,160.87,1.29,UP,-89,-4,4,0
2026-03-17 13:36:53,Benin_Branch,186.32,29.84,UP,-70,22,4,0
2026-03-17 13:37:07,Lagos_HQ,82.65,12.32,UP,-107,-1,3,0
2026-03-17 13:37:07,Abuja_Branch,162.23,3.13,UP,-86,21,3,0
2026-03-17 13:37:07,Benin_Branch,180.12,20.36,UP,-92,9,3,0
2026-03-17 13:37:21,Lagos_HQ,50.15,22.93,UP,-79,15,4,0
2026-03-17 13:37:21,Abuja_Branch,249.96,219.61,UP,-83,14,4,0
2026-03-17 13:37:21,Benin_Branch,204.49,21.4,UP,-108,23,4,0
2026-03-17 13:37:35,Lagos_HQ,54.65,16.95,UP,-100,16,4,0
2026-03-17 13:37:35,Abuja_Branch,200.29,50.36,UP,-98,16,4,0
2026-03-17 13:37:35,Benin_Branch,215.53,27.0,UP,-85,-4,4,0
2026-03-17 13:37:48,Lagos_HQ,61.5,8.83,UP,-104,21,2,0
2026-03-17 13:37:48,Abuja_Branch,171.9,7.91,UP,-110,0,2,0
2026-03-17 13:37:48,Benin_Branch,220.63,16.14,UP,-105,22,2,0
2026-03-17 13:38:02,Lagos_HQ,59.07,4.6,UP,-108,18,4,0
2026-03-17 13:38:02,Abuja_Branch,178.3,38.5,UP,-95,4,4,0
2026-03-17 13:38:02,Benin_Branch,167.76,13.68,UP,-80,20,4,0
2026-03-17 13:38:15,Lagos_HQ,107.9,190.11,UP,-90,3,3,0
2026-03-17 13:38:15,Abuja_Branch,723.3,830.11,UP,-76,0,3,0
2026-03-17 13:38:15,Benin_Branch,850.48,448.55,UP,-90,16,3,0
2026-03-17 13:38:32,Lagos_HQ,61.54,27.52,UP,-88,18,4,0
2026-03-17 13:38:32,Abuja_Branch,214.26,110.44,UP,-84,19,4,0
2026-03-17 13:38:32,Benin_Branch,173.15,14.4,UP,-81,12,4,0
2026-03-17 13:38:46,Lagos_HQ,48.08,16.08,UP,-101,5,4,0
2026-03-17 13:38:46,Abuja_Branch,166.27,5.92,UP,-110,23,4,0
2026-03-17 13:38:46,Benin_Branch,179.26,16.66,UP,-96,4,4,0
2026-03-17 13:38:59,Lagos_HQ,64.12,10.36,UP,-79,14,2,0
2026-03-17 13:38:59,Abuja_Branch,631.38,431.41,UP,-96,10,2,0
2026-03-17 13:38:59,Benin_Branch,252.85,105.68,UP,-102,-2,2,0
2026-03-17 13:39:14,Lagos_HQ,59.23,23.67,UP,-89,12,2,0
2026-03-17 13:39:14,Abuja_Branch,393.63,994.88,UP,-96,24,2,0
2026-03-17 13:39:14,Benin_Branch,182.25,6.4,UP,-84,-2,2,0
2026-03-17 13:39:28,Lagos_HQ,56.0,15.8,UP,-100,10,4,0
2026-03-17 13:39:28,Abuja_Branch,550.49,827.53,UP,-108,-2,4,0
2026-03-17 13:39:28,Benin_Branch,180.41,19.17,UP,-97,9,4,0
2026-03-17 13:39:42,Lagos_HQ,46.78,17.14,UP,-108,0,3,0
2026-03-17 13:39:42,Abuja_Branch,178.84,23.08,UP,-70,15,3,0
2026-03-17 13:39:42,Benin_Branch,186.99,29.69,UP,-94,4,3,0
2026-03-17 13:39:56,Lagos_HQ,87.71,42.43,UP,-70,-2,2,0
2026-03-17 13:39:56,Abuja_Branch,210.06,64.64,UP,-100,5,2,0
2026-03-17 13:39:56,Benin_Branch,187.88,5.22,UP,-88,21,2,0
2026-03-17 13:40:09,Lagos_HQ,45.2,0.89,UP,-102,-5,4,0
2026-03-17 13:40:09,Abuja_Branch,235.74,47.87,UP,-74,2,4,0
2026-03-17 13:40:09,Benin_Branch,170.06,14.36,UP,-94,2,4,0
2026-03-17 13:40:23,Lagos_HQ,731.86,737.5,UP,-83,5,4,0
2026-03-17 13:40:23,Abuja_Branch,237.87,38.86,UP,-88,10,4,0
2026-03-17 13:40:23,Benin_Branch,183.26,23.19,UP,-74,0,4,0
2026-03-17 13:40:38,Lagos_HQ,147.87,92.7,UP,-83,4,2,0
2026-03-17 13:40:38,Abuja_Branch,205.43,79.46,UP,-94,9,2,0
2026-03-17 13:40:38,Benin_Branch,172.11,0.16,UP,-100,-5,2,0
2026-03-17 13:40:52,Lagos_HQ,65.06,16.04,UP,-82,19,3,0
2026-03-17 13:40:52,Abuja_Branch,207.77,11.62,UP,-97,-2,3,0
2026-03-17 13:40:52,Benin_Branch,193.97,62.89,UP,-76,5,3,0
2026-03-17 13:41:05,Lagos_HQ,40.94,4.11,UP,-107,8,3,0
2026-03-17 13:41:05,Abuja_Branch,261.61,171.78,UP,-96,-5,3,0
2026-03-17 13:41:05,Benin_Branch,189.01,0.18,UP,-87,8,3,0
2026-03-17 13:41:19,Lagos_HQ,51.5,1.95,UP,-82,16,4,0
2026-03-17 13:41:19,Abuja_Branch,230.16,121.87,UP,-75,23,4,0
2026-03-17 13:41:19,Benin_Branch,205.09,40.9,UP,-73,18,4,0
2026-03-17 13:41:32,Lagos_HQ,42.27,2.44,UP,-78,-2,2,0
2026-03-17 13:41:32,Abuja_Branch,220.84,75.06,UP,-109,-1,2,0
2026-03-17 13:41:32,Benin_Branch,227.35,100.54,UP,-89,15,2,0
2026-03-17 13:41:46,Lagos_HQ,58.6,18.76,UP,-80,10,3,0
2026-03-17 13:41:46,Abuja_Branch,218.57,129.67,UP,-94,15,3,0
2026-03-17 13:41:46,Benin_Branch,209.71,84.47,UP,-110,15,3,0
2026-03-17 13:42:00,Lagos_HQ,52.67,30.76,UP,-84,-1,2,0
2026-03-17 13:42:00,Abuja_Branch,223.46,143.07,UP,-90,8,2,0
2026-03-17 13:42:00,Benin_Branch,204.26,86.01,UP,-93,2,2,0
2026-03-17 13:42:13,Lagos_HQ,51.51,0.66,UP,-101,25,3,0
2026-03-17 13:42:13,Abuja_Branch,222.64,122.69,UP,-70,0,3,0
2026-03-17 13:42:13,Benin_Branch,203.55,86.63,UP,-73,12,3,0
2026-03-17 13:42:27,Lagos_HQ,48.93,21.94,UP,-73,1,2,0
2026-03-17 13:42:27,Abuja_Branch,212.35,100.81,UP,-94,0,2,0
2026-03-17 13:42:27,Benin_Branch,203.64,52.24,UP,-72,-5,2,0
2026-03-17 13:42:40,Lagos_HQ,61.41,40.25,UP,-105,4,4,0
2026-03-17 13:42:40,Abuja_Branch,233.22,14.84,UP,-73,1,4,0
2026-03-17 13:42:40,Benin_Branch,238.29,100.76,UP,-70,21,4,0
2026-03-17 13:42:54,Lagos_HQ,282.08,599.07,UP,-102,15,4,0
2026-03-17 13:42:54,Abuja_Branch,360.62,264.27,UP,-94,2,4,0
2026-03-17 13:42:54,Benin_Branch,340.97,409.91,UP,-103,7,4,0
2026-03-17 13:43:09,Lagos_HQ,840.01,0.0,UP,-73,23,3,0
2026-03-17 13:43:09,Abuja_Branch,271.12,208.03,UP,-76,19,3,0
2026-03-17 13:43:09,Benin_Branch,203.92,0.39,UP,-110,25,3,0
2026-03-17 13:43:25,Lagos_HQ,404.82,601.0,UP,-91,-4,2,0
2026-03-17 13:43:25,Abuja_Branch,374.25,203.26,UP,-90,5,2,0
2026-03-17 13:43:25,Benin_Branch,510.84,306.29,UP,-96,-2,2,0
2026-03-17 13:43:41,Lagos_HQ,464.01,781.17,UP,-72,2,3,0
2026-03-17 13:43:41,Abuja_Branch,374.85,206.36,UP,-70,16,3,0
2026-03-17 13:43:41,Benin_Branch,306.43,1.11,UP,-94,10,3,0
2026-03-17 13:43:57,Lagos_HQ,357.9,460.14,UP,-70,19,2,0
2026-03-17 13:43:57,Abuja_Branch,373.85,203.11,UP,-81,3,2,0
2026-03-17 13:43:57,Benin_Branch,306.23,1.18,UP,-77,16,2,0
2026-03-17 13:44:12,Lagos_HQ,668.04,855.86,UP,-87,16,4,0
2026-03-17 13:44:12,Abuja_Branch,631.02,611.25,UP,-80,-3,4,0
2026-03-17 13:44:12,Benin_Branch,607.35,364.94,UP,-97,1,4,0
2026-03-17 13:44:30,Lagos_HQ,397.69,532.67,UP,-105,17,4,0
2026-03-17 13:44:30,Abuja_Branch,221.7,51.07,UP,-72,20,4,0
2026-03-17 13:44:30,Benin_Branch,189.87,0.78,UP,-95,2,4,0
2026-03-17 13:44:44,Lagos_HQ,342.02,413.1,UP,-85,11,2,0
2026-03-17 13:44:44,Abuja_Branch,579.32,412.17,UP,-75,1,2,0
2026-03-17 13:44:44,Benin_Branch,306.21,1.34,UP,-89,14,2,0
2026-03-17 13:45:00,Lagos_HQ,296.76,457.38,UP,-96,14,2,0
2026-03-17 13:45:00,Abuja_Branch,373.98,203.28,UP,-100,-5,2,0
2026-03-17 13:45:00,Benin_Branch,306.17,0.15,UP,-77,20,2,0
2026-03-17 13:45:15,Lagos_HQ,1000.0,0,UP,-105,-1,4,0
2026-03-17 13:45:15,Abuja_Branch,1000.0,0,UP,-78,-1,4,0
2026-03-17 13:45:15,Benin_Branch,1000.0,0,UP,-80,22,4,0
2026-03-17 13:45:43,Lagos_HQ,1000.0,0.0,UP,-72,10,2,0
2026-03-17 13:45:43,Abuja_Branch,1000.0,0.0,UP,-100,-2,2,0
2026-03-17 13:45:43,Benin_Branch,556.42,330.79,UP,-71,-4,2,0
2026-03-17 13:46:02,Lagos_HQ,448.55,529.09,UP,-106,7,4,0
2026-03-17 13:46:02,Abuja_Branch,340.38,101.45,UP,-76,24,4,0
2026-03-17 13:46:02,Benin_Branch,306.12,1.59,UP,-72,22,4,0
2026-03-17 13:46:18,Lagos_HQ,352.43,241.44,UP,-106,7,2,0
2026-03-17 13:46:18,Abuja_Branch,340.36,101.64,UP,-93,13,2,0
2026-03-17 13:46:18,Benin_Branch,305.85,1.43,UP,-79,8,2,0
2026-03-17 13:46:33,Lagos_HQ,347.62,226.95,UP,-104,2,3,0
2026-03-17 13:46:33,Abuja_Branch,340.27,163.51,UP,-94,17,3,0
2026-03-17 13:46:33,Benin_Branch,613.17,628.71,UP,-85,-3,3,0
2026-03-17 13:46:49,Lagos_HQ,208.9,16.12,UP,-83,23,2,0
2026-03-17 13:46:49,Abuja_Branch,335.29,100.09,UP,-73,3,2,0
2026-03-17 13:46:49,Benin_Branch,413.82,320.73,UP,-78,12,2,0
2026-03-17 13:47:04,Lagos_HQ,589.16,352.4,UP,-110,23,4,0
2026-03-17 13:47:04,Abuja_Branch,613.74,102.54,UP,-110,23,4,0
2026-03-17 13:47:04,Benin_Branch,510.95,210.05,UP,-76,16,4,0
2026-03-17 13:47:21,Lagos_HQ,1000.0,0,UP,-79,16,2,0
2026-03-17 13:47:21,Abuja_Branch,1000.0,0,UP,-110,19,2,0
2026-03-17 13:47:21,Benin_Branch,1000.0,0,UP,-71,7,2,0
2026-03-17 13:47:43,Lagos_HQ,1000.0,0,UP,-101,20,2,0
2026-03-17 13:47:43,Abuja_Branch,1000.0,0,UP,-102,20,2,0
2026-03-17 13:47:43,Benin_Branch,1000.0,0,UP,-74,3,2,0
2026-03-17 13:48:05,Lagos_HQ,780.2,0.0,UP,-80,12,4,0
2026-03-17 13:48:05,Abuja_Branch,693.79,918.63,UP,-103,16,4,0
2026-03-17 13:48:05,Benin_Branch,528.22,254.58,UP,-78,7,4,0
2026-03-17 13:48:23,Lagos_HQ,426.52,281.5,UP,-71,5,2,0
2026-03-17 13:48:23,Abuja_Branch,451.94,303.74,UP,-109,22,2,0
2026-03-17 13:48:23,Benin_Branch,467.57,132.0,UP,-88,18,2,0
2026-03-17 13:48:39,Lagos_HQ,550.31,223.0,UP,-107,24,3,0
2026-03-17 13:48:39,Abuja_Branch,852.66,1.75,UP,-94,8,3,0
2026-03-17 13:48:39,Benin_Branch,851.3,332.26,UP,-105,0,3,0
2026-03-17 13:48:58,Lagos_HQ,528.12,428.77,UP,-75,24,4,0
2026-03-17 13:48:58,Abuja_Branch,644.52,174.72,UP,-74,18,4,0
2026-03-17 13:48:58,Benin_Branch,805.89,582.33,UP,-109,9,4,0
2026-03-17 13:49:16,Lagos_HQ,552.08,343.9,UP,-96,14,2,0
2026-03-17 13:49:16,Abuja_Branch,817.1,535.19,UP,-78,-3,2,0
2026-03-17 13:49:16,Benin_Branch,634.1,97.72,UP,-108,3,2,0
2026-03-17 13:49:34,Lagos_HQ,612.53,333.27,UP,-97,-4,3,0
2026-03-17 13:49:34,Abuja_Branch,668.49,0.0,UP,-106,23,3,0
2026-03-17 13:49:34,Benin_Branch,1000.0,0.0,UP,-70,1,3,0
2026-03-17 13:49:54,Lagos_HQ,1000.0,0.0,UP,-89,18,2,0
2026-03-17 13:49:54,Abuja_Branch,700.47,532.67,UP,-105,-4,2,0
2026-03-17 13:49:54,Benin_Branch,606.47,543.36,UP,-98,8,2,0
2026-03-17 13:50:13,Lagos_HQ,419.15,441.23,UP,-108,1,4,0
2026-03-17 13:50:13,Abuja_Branch,340.41,101.75,UP,-104,12,4,0
2026-03-17 13:50:13,Benin_Branch,408.94,0.37,UP,-71,15,4,0
2026-03-17 13:50:28,Lagos_HQ,191.78,36.81,UP,-82,-1,4,0
2026-03-17 13:50:28,Abuja_Branch,442.65,101.1,UP,-104,21,4,0
2026-03-17 13:50:28,Benin_Branch,507.06,834.15,UP,-86,10,4,0
2026-03-17 13:50:44,Lagos_HQ,438.93,500.54,UP,-73,3,2,0
2026-03-17 13:50:44,Abuja_Branch,340.19,102.86,UP,-110,14,2,0
2026-03-17 13:50:44,Benin_Branch,306.77,0.25,UP,-106,16,2,0
2026-03-17 13:51:03,Lagos_HQ,242.92,115.37,UP,-109,25,2,0
2026-03-17 13:51:03,Abuja_Branch,374.32,204.56,UP,-77,16,2,0
2026-03-17 13:51:03,Benin_Branch,408.75,307.76,UP,-83,1,2,0
2026-03-17 13:51:18,Lagos_HQ,453.62,997.6,UP,-70,11,4,0
2026-03-17 13:51:18,Abuja_Branch,408.37,13.31,UP,-88,15,4,0
2026-03-17 13:51:18,Benin_Branch,306.13,1.66,UP,-94,25,4,0
2026-03-17 13:51:34,Lagos_HQ,639.79,997.18,UP,-109,4,4,0
2026-03-17 13:51:34,Abuja_Branch,551.37,226.42,UP,-80,25,4,0
2026-03-17 13:51:34,Benin_Branch,305.96,2.66,UP,-102,18,4,0
2026-03-17 13:51:51,Lagos_HQ,422.82,372.21,UP,-99,10,2,0
2026-03-17 13:51:51,Abuja_Branch,563.8,308.65,UP,-104,23,2,0
2026-03-17 13:51:51,Benin_Branch,668.51,0.0,UP,-94,10,2,0
2026-03-17 13:52:08,Lagos_HQ,1000.0,0,UP,-107,23,4,0
2026-03-17 13:52:08,Abuja_Branch,932.51,0,UP,-88,24,4,0
2026-03-17 13:52:08,Benin_Branch,1000.0,0,UP,-76,4,4,0
2026-03-17 13:52:29,Lagos_HQ,1000.0,0,UP,-104,5,4,0
2026-03-17 13:52:29,Abuja_Branch,1000.0,0,UP,-75,-3,4,0
2026-03-17 13:52:29,Benin_Branch,1000.0,0,UP,-78,0,4,0
2026-03-17 13:52:50,Lagos_HQ,834.93,495.21,UP,-105,20,4,0
2026-03-17 13:52:50,Abuja_Branch,1000.0,0.0,UP,-103,-2,4,0
2026-03-17 13:52:50,Benin_Branch,1000.0,0.0,UP,-82,13,4,0
2026-03-17 13:53:11,Lagos_HQ,1000.0,0,UP,-102,0,2,0
2026-03-17 13:53:11,Abuja_Branch,1000.0,0,UP,-97,-4,2,0
2026-03-17 13:53:11,Benin_Branch,837.93,0,UP,-94,13,2,0
2026-03-17 13:53:31,Lagos_HQ,691.97,537.38,UP,-88,17,4,0
2026-03-17 13:53:31,Abuja_Branch,702.94,891.19,UP,-74,8,4,0
2026-03-17 13:53:31,Benin_Branch,871.76,384.71,UP,-102,0,4,0
2026-03-17 13:53:50,Lagos_HQ,824.78,0,UP,-84,20,4,0
2026-03-17 13:53:50,Abuja_Branch,1000.0,0,UP,-85,15,4,0
2026-03-17 13:53:50,Benin_Branch,993.14,0,UP,-85,10,4,0
2026-03-17 13:54:11,Lagos_HQ,932.54,0,UP,-103,15,3,0
2026-03-17 13:54:11,Abuja_Branch,913.17,0,UP,-77,9,3,0
2026-03-17 13:54:11,Benin_Branch,816.79,0,UP,-108,7,3,0
2026-03-17 13:54:31,Lagos_HQ,1000.0,0,UP,-99,6,2,0
2026-03-17 13:54:31,Abuja_Branch,1000.0,0,UP,-107,-5,2,0
2026-03-17 13:54:31,Benin_Branch,964.45,0,UP,-93,23,2,0
2026-03-17 13:54:52,Lagos_HQ,1000.0,0,UP,-95,9,3,0
2026-03-17 13:54:52,Abuja_Branch,1000.0,0,UP,-74,24,3,0
2026-03-17 13:54:52,Benin_Branch,1000.0,0,UP,-78,4,3,0
2026-03-17 13:55:13,Lagos_HQ,928.12,0.0,UP,-87,9,4,0
2026-03-17 13:55:13,Abuja_Branch,907.74,0.0,UP,-103,7,4,0
2026-03-17 13:55:13,Benin_Branch,777.87,666.4,UP,-93,20,4,0
2026-03-17 13:55:33,Lagos_HQ,736.09,0.0,UP,-79,17,2,0
2026-03-17 13:55:33,Abuja_Branch,847.94,456.19,UP,-109,1,2,0
2026-03-17 13:55:33,Benin_Branch,957.75,0.0,UP,-76,-3,2,0
2026-03-17 13:55:53,Lagos_HQ,184.28,89.62,UP,-72,15,2,0
2026-03-17 13:55:53,Abuja_Branch,377.45,127.94,UP,-72,20,2,0
2026-03-17 13:55:53,Benin_Branch,202.39,43.05,UP,-102,-5,2,0
2026-03-17 13:56:07,Lagos_HQ,370.05,52.89,UP,-78,-2,4,0
2026-03-17 13:56:07,Abuja_Branch,449.19,113.27,UP,-79,1,4,0
2026-03-17 13:56:07,Benin_Branch,343.32,40.19,UP,-87,19,4,0
2026-03-17 13:56:23,Lagos_HQ,1000.0,0.0,UP,-71,21,4,0
2026-03-17 13:56:23,Abuja_Branch,1000.0,0.0,UP,-99,-4,4,0
2026-03-17 13:56:23,Benin_Branch,608.81,974.95,UP,-102,5,4,0
2026-03-17 13:56:43,Lagos_HQ,772.88,0.0,UP,-109,20,3,0
2026-03-17 13:56:43,Abuja_Branch,576.2,625.01,UP,-104,5,3,0
2026-03-17 13:56:43,Benin_Branch,659.15,93.6,UP,-101,13,3,0
2026-03-17 13:57:01,Lagos_HQ,47.14,7.15,UP,-93,12,2,0
2026-03-17 13:57:01,Abuja_Branch,168.36,12.01,UP,-98,25,2,0
2026-03-17 13:57:01,Benin_Branch,201.97,38.91,UP,-82,21,2,0
2026-03-17 13:57:15,Lagos_HQ,404.14,850.58,UP,-84,18,3,0
2026-03-17 13:57:15,Abuja_Branch,189.03,5.23,UP,-101,0,3,0
2026-03-17 13:57:15,Benin_Branch,248.07,102.06,UP,-85,3,3,0
2026-03-17 13:57:29,Lagos_HQ,81.8,52.24,UP,-99,10,2,0
2026-03-17 13:57:29,Abuja_Branch,171.63,6.73,UP,-110,24,2,0
2026-03-17 13:57:29,Benin_Branch,172.1,15.79,UP,-108,18,2,0
2026-03-17 13:57:42,Lagos_HQ,352.79,261.62,UP,-110,7,3,0
2026-03-17 13:57:42,Abuja_Branch,184.24,7.05,UP,-103,7,3,0
2026-03-17 13:57:42,Benin_Branch,189.33,49.58,UP,-103,16,3,0
2026-03-17 13:57:57,Lagos_HQ,53.71,15.76,UP,-82,3,2,0
2026-03-17 13:57:57,Abuja_Branch,228.59,187.49,UP,-88,10,2,0
2026-03-17 13:57:57,Benin_Branch,173.32,31.22,UP,-77,5,2,0
2026-03-17 13:58:10,Lagos_HQ,266.73,442.38,UP,-105,-4,3,0
2026-03-17 13:58:10,Abuja_Branch,215.08,42.26,UP,-76,15,3,0
2026-03-17 13:58:10,Benin_Branch,736.44,790.67,UP,-78,25,3,0
2026-03-17 13:58:26,Lagos_HQ,408.61,868.29,UP,-81,25,2,0
2026-03-17 13:58:26,Abuja_Branch,209.77,81.09,UP,-85,20,2,0
2026-03-17 13:58:26,Benin_Branch,281.31,115.21,UP,-90,25,2,0
2026-03-17 13:58:41,Lagos_HQ,421.49,797.85,UP,-82,18,4,0
2026-03-17 13:58:41,Abuja_Branch,229.31,120.87,UP,-106,16,4,0
2026-03-17 13:58:41,Benin_Branch,307.31,100.23,UP,-75,-2,4,0
2026-03-17 13:58:56,Lagos_HQ,47.12,4.56,UP,-109,10,4,0
2026-03-17 13:58:56,Abuja_Branch,180.51,6.22,UP,-75,5,4,0
2026-03-17 13:58:56,Benin_Branch,171.05,11.01,UP,-76,8,4,0
2026-03-17 13:59:09,Lagos_HQ,757.2,728.39,UP,-97,13,3,0
2026-03-17 13:59:09,Abuja_Branch,1000.0,0.0,UP,-94,11,3,0
2026-03-17 13:59:09,Benin_Branch,992.87,0.0,UP,-83,8,3,0
2026-03-17 13:59:29,Lagos_HQ,180.76,67.54,UP,-106,22,2,0
2026-03-17 13:59:29,Abuja_Branch,455.17,32.47,UP,-107,-5,2,0
2026-03-17 13:59:29,Benin_Branch,406.45,311.65,UP,-74,24,2,0
2026-03-17 13:59:45,Lagos_HQ,372.01,932.2,UP,-108,10,2,0
2026-03-17 13:59:45,Abuja_Branch,213.76,44.18,UP,-80,21,2,0
2026-03-17 13:59:45,Benin_Branch,987.09,38.73,UP,-79,16,2,0
2026-03-17 14:00:01,Lagos_HQ,178.72,375.33,UP,-109,8,4,0
2026-03-17 14:00:01,Abuja_Branch,212.38,144.87,UP,-85,14,4,0
2026-03-17 14:00:01,Benin_Branch,169.89,15.82,UP,-100,24,4,0
2026-03-17 14:00:15,Lagos_HQ,367.26,912.62,UP,-88,10,3,0
2026-03-17 14:00:15,Abuja_Branch,169.56,16.83,UP,-90,22,3,0
2026-03-17 14:00:15,Benin_Branch,196.95,36.87,UP,-91,6,3,0
2026-03-17 14:00:29,Lagos_HQ,273.94,519.39,UP,-91,-2,2,0
2026-03-17 14:00:29,Abuja_Branch,774.6,676.21,UP,-89,-1,2,0
2026-03-17 14:00:29,Benin_Branch,539.29,933.54,UP,-110,22,2,0
2026-03-17 14:00:46,Lagos_HQ,609.1,102.79,UP,-70,8,2,0
2026-03-17 14:00:46,Abuja_Branch,572.05,408.0,UP,-97,2,2,0
2026-03-17 14:00:46,Benin_Branch,798.11,197.19,UP,-103,23,2,0
2026-03-17 14:01:04,Lagos_HQ,174.67,35.01,UP,-106,15,2,0
2026-03-17 14:01:04,Abuja_Branch,361.9,321.59,UP,-78,-1,2,0
2026-03-17 14:01:04,Benin_Branch,261.92,257.29,UP,-93,13,2,0
2026-03-17 14:01:19,Lagos_HQ,677.3,0.0,UP,-92,22,4,0
2026-03-17 14:01:19,Abuja_Branch,172.39,6.6,UP,-100,3,4,0
2026-03-17 14:01:19,Benin_Branch,169.2,14.59,UP,-99,-3,4,0
2026-03-17 14:01:34,Lagos_HQ,129.0,91.94,UP,-91,3,2,0
2026-03-17 14:01:34,Abuja_Branch,584.56,203.14,UP,-80,19,2,0
2026-03-17 14:01:34,Benin_Branch,171.29,8.39,UP,-102,2,2,0
2026-03-17 14:01:49,Lagos_HQ,388.53,898.18,UP,-72,18,2,0
2026-03-17 14:01:49,Abuja_Branch,257.28,62.71,UP,-106,0,2,0
2026-03-17 14:01:49,Benin_Branch,364.47,56.37,UP,-89,3,2,0
2026-03-17 14:02:04,Lagos_HQ,444.61,819.53,UP,-80,2,2,0
2026-03-17 14:02:04,Abuja_Branch,771.46,59.95,UP,-75,-5,2,0
2026-03-17 14:02:04,Benin_Branch,578.76,430.77,UP,-94,10,2,0
2026-03-17 14:02:21,Lagos_HQ,93.83,32.78,UP,-74,19,2,0
2026-03-17 14:02:21,Abuja_Branch,225.46,31.12,UP,-74,8,2,0
2026-03-17 14:02:21,Benin_Branch,365.87,259.08,UP,-83,9,2,0
2026-03-17 14:02:35,Lagos_HQ,204.86,112.91,UP,-105,-4,3,0
2026-03-17 14:02:35,Abuja_Branch,601.26,581.7,UP,-75,2,3,0
2026-03-17 14:02:35,Benin_Branch,672.01,227.9,UP,-78,1,3,0
2026-03-17 14:02:52,Lagos_HQ,311.2,633.95,UP,-99,24,2,0
2026-03-17 14:02:52,Abuja_Branch,222.94,30.29,UP,-93,8,2,0
2026-03-17 14:02:52,Benin_Branch,226.75,129.72,UP,-71,4,2,0
2026-03-17 14:03:06,Lagos_HQ,46.62,4.98,UP,-82,15,2,0
2026-03-17 14:03:06,Abuja_Branch,172.8,1.76,UP,-105,23,2,0
2026-03-17 14:03:06,Benin_Branch,183.67,34.04,UP,-107,25,2,0
2026-03-17 14:03:20,Lagos_HQ,107.55,110.96,UP,-84,2,3,0
2026-03-17 14:03:20,Abuja_Branch,187.32,1.43,UP,-97,14,3,0
2026-03-17 14:03:20,Benin_Branch,327.14,199.96,UP,-87,14,3,0
2026-03-17 14:03:34,Lagos_HQ,156.23,8.39,UP,-85,18,4,0
2026-03-17 14:03:34,Abuja_Branch,309.27,67.03,UP,-92,13,4,0
2026-03-17 14:03:34,Benin_Branch,279.14,38.05,UP,-99,25,4,0
2026-03-17 14:03:48,Lagos_HQ,53.73,15.4,UP,-75,8,3,0
2026-03-17 14:03:48,Abuja_Branch,241.49,58.01,UP,-75,4,3,0
2026-03-17 14:03:48,Benin_Branch,169.54,22.69,UP,-106,2,3,0
2026-03-17 14:04:01,Lagos_HQ,1000.0,0,UP,-78,11,3,0
2026-03-17 14:04:01,Abuja_Branch,1000.0,0,UP,-97,-2,3,0
2026-03-17 14:04:01,Benin_Branch,1000.0,0,UP,-73,14,3,0
2026-03-17 14:04:22,Lagos_HQ,425.49,5.11,UP,-94,-4,4,0
2026-03-17 14:04:22,Abuja_Branch,331.95,329.59,UP,-109,-2,4,0
2026-03-17 14:04:22,Benin_Branch,285.64,28.18,UP,-95,22,4,0
2026-03-17 14:04:38,Lagos_HQ,58.81,21.91,UP,-90,-5,3,0
2026-03-17 14:04:38,Abuja_Branch,231.51,18.21,UP,-90,20,3,0
2026-03-17 14:04:38,Benin_Branch,182.41,25.82,UP,-102,6,3,0
2026-03-17 14:04:51,Lagos_HQ,128.07,53.78,UP,-73,0,2,0
2026-03-17 14:04:51,Abuja_Branch,259.68,11.36,UP,-109,17,2,0
2026-03-17 14:04:51,Benin_Branch,303.3,426.64,UP,-93,-5,2,0
2026-03-17 14:05:05,Lagos_HQ,75.41,8.07,UP,-93,25,2,0
2026-03-17 14:05:05,Abuja_Branch,174.04,12.13,UP,-77,0,2,0
2026-03-17 14:05:05,Benin_Branch,172.26,10.63,UP,-82,10,2,0
2026-03-17 14:05:19,Lagos_HQ,44.35,4.61,UP,-72,21,4,0
2026-03-17 14:05:19,Abuja_Branch,163.77,3.54,UP,-109,4,4,0
2026-03-17 14:05:19,Benin_Branch,173.41,30.04,UP,-82,6,4,0
2026-03-17 14:05:32,Lagos_HQ,44.47,4.56,UP,-74,10,4,0
2026-03-17 14:05:32,Abuja_Branch,168.41,9.69,UP,-73,12,4,0
2026-03-17 14:05:32,Benin_Branch,161.18,2.08,UP,-80,10,4,0
2026-03-17 14:05:45,Lagos_HQ,107.74,1.06,UP,-82,4,2,0
2026-03-17 14:05:45,Abuja_Branch,186.64,16.21,UP,-80,13,2,0
2026-03-17 14:05:45,Benin_Branch,163.48,1.35,UP,-99,10,2,0
2026-03-17 14:05:58,Lagos_HQ,78.96,14.13,UP,-95,9,4,0
2026-03-17 14:05:58,Abuja_Branch,191.19,27.81,UP,-93,1,4,0
2026-03-17 14:05:58,Benin_Branch,179.2,37.39,UP,-110,21,4,0
2026-03-17 14:06:12,Lagos_HQ,51.06,0.21,UP,-88,17,4,0
2026-03-17 14:06:12,Abuja_Branch,325.63,11.98,UP,-74,17,4,0
2026-03-17 14:06:12,Benin_Branch,162.83,3.6,UP,-101,24,4,0
2026-03-17 14:06:25,Lagos_HQ,181.55,393.37,UP,-86,12,4,0
2026-03-17 14:06:25,Abuja_Branch,253.55,120.25,UP,-89,21,4,0
2026-03-17 14:06:25,Benin_Branch,183.37,61.08,UP,-86,19,4,0
2026-03-17 14:06:39,Lagos_HQ,1000.0,0.0,UP,-79,3,3,0
2026-03-17 14:06:39,Abuja_Branch,422.12,733.69,UP,-101,0,3,0
2026-03-17 14:06:39,Benin_Branch,545.34,662.19,UP,-81,-1,3,0
2026-03-17 14:06:57,Lagos_HQ,293.65,6.41,UP,-100,24,4,0
2026-03-17 14:06:57,Abuja_Branch,220.16,8.81,UP,-94,9,4,0
2026-03-17 14:06:57,Benin_Branch,430.99,269.74,UP,-99,11,4,0
2026-03-17 14:07:12,Lagos_HQ,150.31,186.68,UP,-93,-5,4,0
2026-03-17 14:07:12,Abuja_Branch,303.01,342.94,UP,-86,3,4,0
2026-03-17 14:07:12,Benin_Branch,667.13,579.11,UP,-110,20,4,0
2026-03-17 14:07:28,Lagos_HQ,48.95,9.12,UP,-97,4,3,0
2026-03-17 14:07:28,Abuja_Branch,182.39,31.21,UP,-84,2,3,0
2026-03-17 14:07:28,Benin_Branch,168.61,9.55,UP,-74,5,3,0
2026-03-17 14:07:41,Lagos_HQ,43.21,1.08,UP,-106,5,2,0
2026-03-17 14:07:41,Abuja_Branch,170.13,12.49,UP,-80,18,2,0
2026-03-17 14:07:41,Benin_Branch,175.43,2.35,UP,-105,1,2,0
2026-03-17 14:07:54,Lagos_HQ,724.56,456.29,UP,-105,4,4,0
2026-03-17 14:07:54,Abuja_Branch,330.22,63.67,UP,-84,7,4,0
2026-03-17 14:07:54,Benin_Branch,305.44,118.23,UP,-94,8,4,0
2026-03-17 14:08:11,Lagos_HQ,44.03,2.49,UP,-99,9,3,0
2026-03-17 14:08:11,Abuja_Branch,167.37,10.11,UP,-93,13,3,0
2026-03-17 14:08:11,Benin_Branch,167.6,1.5,UP,-84,25,3,0
2026-03-17 14:08:24,Lagos_HQ,42.35,1.93,UP,-98,13,4,0
2026-03-17 14:08:24,Abuja_Branch,178.03,6.86,UP,-108,20,4,0
2026-03-17 14:08:24,Benin_Branch,165.83,3.96,UP,-93,25,4,0
2026-03-17 14:08:37,Lagos_HQ,177.09,245.85,UP,-77,10,4,0
2026-03-17 14:08:37,Abuja_Branch,223.25,29.87,UP,-103,3,4,0
2026-03-17 14:08:37,Benin_Branch,484.16,75.87,UP,-98,9,4,0
2026-03-17 14:08:52,Lagos_HQ,51.82,15.12,UP,-78,-3,3,0
2026-03-17 14:08:52,Abuja_Branch,174.95,8.09,UP,-83,23,3,0
2026-03-17 14:08:52,Benin_Branch,163.22,1.33,UP,-83,0,3,0
2026-03-17 14:09:06,Lagos_HQ,70.5,35.8,UP,-79,-1,3,0
2026-03-17 14:09:06,Abuja_Branch,170.44,0.61,UP,-76,-2,3,0
2026-03-17 14:09:06,Benin_Branch,181.12,13.38,UP,-78,22,3,0
2026-03-17 14:09:19,Lagos_HQ,556.35,503.77,UP,-71,25,3,0
2026-03-17 14:09:19,Abuja_Branch,476.34,104.18,UP,-99,11,3,0
2026-03-17 14:09:19,Benin_Branch,338.55,454.73,UP,-108,10,3,0
2026-03-17 14:09:35,Lagos_HQ,104.96,112.87,UP,-70,22,2,0
2026-03-17 14:09:35,Abuja_Branch,274.5,195.2,UP,-84,4,2,0
2026-03-17 14:09:35,Benin_Branch,485.16,11.91,UP,-93,-5,2,0
2026-03-17 14:09:50,Lagos_HQ,548.89,500.86,UP,-100,9,3,0
2026-03-17 14:09:50,Abuja_Branch,743.94,768.19,UP,-80,0,3,0
2026-03-17 14:09:50,Benin_Branch,999.73,0.81,UP,-78,11,3,0
2026-03-17 14:10:09,Lagos_HQ,51.79,3.29,UP,-70,3,3,0
2026-03-17 14:10:09,Abuja_Branch,187.89,25.47,UP,-100,16,3,0
2026-03-17 14:10:09,Benin_Branch,181.03,28.05,UP,-77,-2,3,0
2026-03-17 14:10:23,Lagos_HQ,79.67,6.7,UP,-91,18,2,0
2026-03-17 14:10:23,Abuja_Branch,241.96,174.14,UP,-76,1,2,0
2026-03-17 14:10:23,Benin_Branch,217.63,122.39,UP,-107,23,2,0
2026-03-17 14:10:37,Lagos_HQ,106.15,21.61,UP,-102,7,4,0
2026-03-17 14:10:37,Abuja_Branch,368.77,225.52,UP,-103,-3,4,0
2026-03-17 14:10:37,Benin_Branch,611.63,369.57,UP,-75,0,4,0
2026-03-17 14:10:52,Lagos_HQ,545.85,902.63,UP,-106,17,3,0
2026-03-17 14:10:52,Abuja_Branch,172.43,21.2,UP,-100,3,3,0
2026-03-17 14:10:52,Benin_Branch,188.06,15.76,UP,-109,21,3,0
2026-03-17 14:11:08,Lagos_HQ,64.87,39.73,UP,-88,1,4,0
2026-03-17 14:11:08,Abuja_Branch,171.26,9.72,UP,-92,8,4,0
2026-03-17 14:11:08,Benin_Branch,174.84,12.95,UP,-86,-2,4,0
2026-03-17 14:11:21,Lagos_HQ,45.36,0.72,UP,-82,18,3,0
2026-03-17 14:11:21,Abuja_Branch,191.9,66.82,UP,-75,24,3,0
2026-03-17 14:11:21,Benin_Branch,163.36,7.38,UP,-85,4,3,0
2026-03-17 14:11:35,Lagos_HQ,60.23,7.73,UP,-86,-2,2,0
2026-03-17 14:11:35,Abuja_Branch,199.58,0.43,UP,-110,13,2,0
2026-03-17 14:11:35,Benin_Branch,346.04,21.91,UP,-82,14,2,0
2026-03-17 14:11:52,Lagos_HQ,85.35,113.01,UP,-78,-3,2,0
2026-03-17 14:11:52,Abuja_Branch,319.81,239.44,UP,-73,2,2,0
2026-03-17 14:11:52,Benin_Branch,237.82,97.83,UP,-87,16,2,0
2026-03-17 14:12:06,Lagos_HQ,72.02,28.2,UP,-83,19,2,0
2026-03-17 14:12:06,Abuja_Branch,554.8,836.32,UP,-77,3,2,0
2026-03-17 14:12:06,Benin_Branch,171.02,13.35,UP,-81,10,2,0
2026-03-17 14:12:22,Lagos_HQ,58.76,15.99,UP,-99,16,3,0
2026-03-17 14:12:22,Abuja_Branch,196.89,27.62,UP,-83,5,3,0
2026-03-17 14:12:22,Benin_Branch,167.46,15.67,UP,-95,19,3,0
2026-03-17 14:12:37,Lagos_HQ,1000.0,0.0,UP,-98,0,3,0
2026-03-17 14:12:37,Abuja_Branch,249.59,117.21,UP,-96,2,3,0
2026-03-17 14:12:37,Benin_Branch,392.07,217.79,UP,-95,15,3,0
2026-03-17 14:12:54,Lagos_HQ,525.56,464.27,UP,-107,-5,3,0
2026-03-17 14:12:54,Abuja_Branch,206.96,110.48,UP,-102,-1,3,0
2026-03-17 14:12:54,Benin_Branch,181.66,2.2,UP,-82,14,3,0
2026-03-17 14:13:09,Lagos_HQ,119.66,92.02,UP,-70,11,2,0
2026-03-17 14:13:09,Abuja_Branch,488.79,497.86,UP,-83,1,2,0
2026-03-17 14:13:09,Benin_Branch,174.65,18.68,UP,-91,5,2,0
2026-03-17 14:13:24,Lagos_HQ,231.09,528.08,UP,-83,-4,4,0
2026-03-17 14:13:24,Abuja_Branch,204.14,58.77,UP,-82,9,4,0
2026-03-17 14:13:24,Benin_Branch,253.3,53.34,UP,-79,21,4,0
2026-03-17 14:13:38,Lagos_HQ,64.26,37.22,UP,-78,7,2,0
2026-03-17 14:13:38,Abuja_Branch,212.34,103.27,UP,-93,8,2,0
2026-03-17 14:13:38,Benin_Branch,228.05,20.88,UP,-104,23,2,0
2026-03-17 14:13:52,Lagos_HQ,70.32,28.5,UP,-83,23,3,0
2026-03-17 14:13:52,Abuja_Branch,478.13,501.7,UP,-108,-5,3,0
2026-03-17 14:13:52,Benin_Branch,260.2,286.76,UP,-100,15,3,0
2026-03-17 14:14:08,Lagos_HQ,56.49,0.36,UP,-107,-5,4,0
2026-03-17 14:14:08,Abuja_Branch,663.2,711.72,UP,-98,23,4,0
2026-03-17 14:14:08,Benin_Branch,182.32,42.32,UP,-70,17,4,0
2026-03-17 14:14:23,Lagos_HQ,161.2,105.45,UP,-81,24,4,0
2026-03-17 14:14:23,Abuja_Branch,444.49,830.89,UP,-90,15,4,0
2026-03-17 14:14:23,Benin_Branch,198.35,37.19,UP,-89,23,4,0
2026-03-17 14:14:37,Lagos_HQ,86.76,90.72,UP,-77,24,3,0
2026-03-17 14:14:37,Abuja_Branch,204.31,32.76,UP,-96,18,3,0
2026-03-17 14:14:37,Benin_Branch,167.57,0.47,UP,-108,19,3,0
2026-03-17 14:14:50,Lagos_HQ,46.78,3.66,UP,-105,9,2,0
2026-03-17 14:14:50,Abuja_Branch,183.63,7.21,UP,-105,8,2,0
2026-03-17 14:14:50,Benin_Branch,164.65,1.96,UP,-98,-4,2,0
2026-03-17 14:15:04,Lagos_HQ,53.53,1.81,UP,-73,18,4,0
2026-03-17 14:15:04,Abuja_Branch,206.37,1.63,UP,-83,4,4,0
2026-03-17 14:15:04,Benin_Branch,240.7,25.21,UP,-75,18,4,0
2026-03-17 14:15:17,Lagos_HQ,87.57,44.63,UP,-79,24,3,0
2026-03-17 14:15:17,Abuja_Branch,242.72,52.93,UP,-108,23,3,0
2026-03-17 14:15:17,Benin_Branch,210.65,56.6,UP,-95,9,3,0
2026-03-17 14:15:31,Lagos_HQ,80.35,77.51,UP,-74,16,4,0
2026-03-17 14:15:31,Abuja_Branch,181.6,3.27,UP,-106,21,4,0
2026-03-17 14:15:31,Benin_Branch,200.36,51.95,UP,-82,16,4,0
2026-03-17 14:15:44,Lagos_HQ,48.25,7.15,UP,-100,-4,4,0
2026-03-17 14:15:44,Abuja_Branch,166.58,0.92,UP,-73,13,4,0
2026-03-17 14:15:44,Benin_Branch,199.06,81.7,UP,-92,24,4,0
2026-03-17 14:15:58,Lagos_HQ,127.18,42.23,UP,-75,2,4,0
2026-03-17 14:15:58,Abuja_Branch,179.09,3.54,UP,-104,14,4,0
2026-03-17 14:15:58,Benin_Branch,172.38,15.61,UP,-99,11,4,0
2026-03-17 14:16:11,Lagos_HQ,156.43,166.66,UP,-94,8,4,0
2026-03-17 14:16:11,Abuja_Branch,285.89,328.0,UP,-90,-4,4,0
2026-03-17 14:16:11,Benin_Branch,202.48,25.56,UP,-98,21,4,0
2026-03-17 14:16:25,Lagos_HQ,472.12,218.87,UP,-81,15,4,0
2026-03-17 14:16:25,Abuja_Branch,729.89,0.0,UP,-73,12,4,0
2026-03-17 14:16:25,Benin_Branch,477.23,387.05,UP,-92,3,4,0
2026-03-17 14:16:42,Lagos_HQ,319.61,12.98,UP,-78,-4,3,0
2026-03-17 14:16:42,Abuja_Branch,326.02,226.57,UP,-99,15,3,0
2026-03-17 14:16:42,Benin_Branch,246.72,88.36,UP,-84,16,3,0
2026-03-17 14:16:57,Lagos_HQ,467.93,943.46,UP,-91,24,2,0
2026-03-17 14:16:57,Abuja_Branch,457.54,342.75,UP,-85,16,2,0
2026-03-17 14:16:57,Benin_Branch,269.24,284.2,UP,-86,20,2,0
2026-03-17 14:17:13,Lagos_HQ,681.32,0.0,UP,-109,12,2,0
2026-03-17 14:17:13,Abuja_Branch,752.84,356.32,UP,-98,11,2,0
2026-03-17 14:17:13,Benin_Branch,245.33,2.99,UP,-89,1,2,0
2026-03-17 14:17:30,Lagos_HQ,97.63,98.68,UP,-71,14,3,0
2026-03-17 14:17:30,Abuja_Branch,304.52,4.6,UP,-72,6,3,0
2026-03-17 14:17:30,Benin_Branch,367.07,131.84,UP,-87,10,3,0
2026-03-17 14:17:45,Lagos_HQ,489.69,748.02,UP,-108,1,3,0
2026-03-17 14:17:45,Abuja_Branch,429.75,180.9,UP,-102,16,3,0
2026-03-17 14:17:45,Benin_Branch,1000.0,0.0,UP,-76,0,3,0
2026-03-17 14:18:03,Lagos_HQ,769.65,0.0,UP,-74,0,3,0
2026-03-17 14:18:03,Abuja_Branch,380.02,231.56,UP,-106,11,3,0
2026-03-17 14:18:03,Benin_Branch,627.47,408.34,UP,-85,19,3,0
2026-03-17 14:18:21,Lagos_HQ,492.26,551.22,UP,-78,16,3,0
2026-03-17 14:18:21,Abuja_Branch,492.02,41.07,UP,-83,-3,3,0
2026-03-17 14:18:21,Benin_Branch,1000.0,0.0,UP,-88,2,3,0
2026-03-17 14:18:39,Lagos_HQ,49.4,15.39,UP,-72,-5,2,0
2026-03-17 14:18:39,Abuja_Branch,165.85,3.37,UP,-104,10,2,0
2026-03-17 14:18:39,Benin_Branch,162.67,0.35,UP,-97,17,2,0
2026-03-17 14:18:52,Lagos_HQ,49.02,13.42,UP,-87,24,2,0
2026-03-17 14:18:52,Abuja_Branch,172.72,15.71,UP,-107,7,2,0
2026-03-17 14:18:52,Benin_Branch,180.16,12.58,UP,-97,11,2,0
2026-03-17 14:19:05,Lagos_HQ,269.29,76.53,UP,-83,19,2,0
2026-03-17 14:19:05,Abuja_Branch,222.79,81.34,UP,-91,12,2,0
2026-03-17 14:19:05,Benin_Branch,178.24,3.06,UP,-89,12,2,0
2026-03-17 14:19:20,Lagos_HQ,75.52,8.06,UP,-107,19,4,0
2026-03-17 14:19:20,Abuja_Branch,181.84,38.14,UP,-101,4,4,0
2026-03-17 14:19:20,Benin_Branch,331.06,49.75,UP,-99,15,4,0
2026-03-17 14:19:34,Lagos_HQ,535.12,232.91,UP,-84,15,4,0
2026-03-17 14:19:34,Abuja_Branch,827.55,517.36,UP,-86,24,4,0
2026-03-17 14:19:34,Benin_Branch,913.23,260.31,UP,-82,15,4,0
2026-03-17 14:19:53,Lagos_HQ,429.12,139.33,UP,-76,16,2,0
2026-03-17 14:19:53,Abuja_Branch,824.84,0.0,UP,-77,10,2,0
2026-03-17 14:19:53,Benin_Branch,418.62,181.19,UP,-94,23,2,0
2026-03-17 14:20:10,Lagos_HQ,612.85,380.82,UP,-83,22,3,0
2026-03-17 14:20:10,Abuja_Branch,432.44,94.6,UP,-71,10,3,0
2026-03-17 14:20:10,Benin_Branch,357.19,262.7,UP,-99,20,3,0
2026-03-17 14:20:26,Lagos_HQ,80.58,98.34,UP,-72,25,3,0
2026-03-17 14:20:26,Abuja_Branch,510.72,731.06,UP,-102,18,3,0
2026-03-17 14:20:26,Benin_Branch,174.45,23.49,UP,-97,-4,3,0
2026-03-17 14:20:44,Lagos_HQ,444.53,724.54,UP,-93,-2,4,0
2026-03-17 14:20:44,Abuja_Branch,732.11,763.92,UP,-91,9,4,0
2026-03-17 14:20:44,Benin_Branch,1000.0,0.0,UP,-87,8,4,0
2026-03-17 14:21:02,Lagos_HQ,54.31,2.63,UP,-86,-5,3,0
2026-03-17 14:21:02,Abuja_Branch,170.84,5.1,UP,-92,19,3,0
2026-03-17 14:21:02,Benin_Branch,170.7,6.38,UP,-96,25,3,0
2026-03-17 14:21:16,Lagos_HQ,65.21,11.11,UP,-98,9,4,0
2026-03-17 14:21:16,Abuja_Branch,287.7,84.26,UP,-102,3,4,0
2026-03-17 14:21:16,Benin_Branch,512.04,776.15,UP,-79,0,4,0
2026-03-17 14:21:30,Lagos_HQ,56.0,2.52,UP,-85,-1,3,0
2026-03-17 14:21:30,Abuja_Branch,217.95,0.83,UP,-103,6,3,0
2026-03-17 14:21:30,Benin_Branch,321.41,96.64,UP,-71,13,3,0
2026-03-17 14:21:45,Lagos_HQ,707.65,143.21,UP,-74,19,2,0
2026-03-17 14:21:45,Abuja_Branch,276.96,163.93,UP,-110,13,2,0
2026-03-17 14:21:45,Benin_Branch,280.14,78.68,UP,-74,24,2,0
2026-03-17 14:22:01,Lagos_HQ,259.85,311.09,UP,-90,11,4,0
2026-03-17 14:22:01,Abuja_Branch,172.1,13.62,UP,-103,11,4,0
2026-03-17 14:22:01,Benin_Branch,197.05,18.39,UP,-76,10,4,0
2026-03-17 14:22:15,Lagos_HQ,82.31,67.63,UP,-101,25,4,0
2026-03-17 14:22:15,Abuja_Branch,203.27,90.26,UP,-94,9,4,0
2026-03-17 14:22:15,Benin_Branch,200.38,47.06,UP,-79,2,4,0
2026-03-17 14:22:28,Lagos_HQ,41.73,0.16,UP,-79,6,4,0
2026-03-17 14:22:28,Abuja_Branch,205.02,0.01,UP,-89,20,4,0
2026-03-17 14:22:28,Benin_Branch,178.3,8.55,UP,-94,2,4,0
2026-03-17 14:22:42,Lagos_HQ,226.47,64.73,UP,-71,6,3,0
2026-03-17 14:22:42,Abuja_Branch,173.53,7.33,UP,-93,0,3,0
2026-03-17 14:22:42,Benin_Branch,529.23,338.65,UP,-73,10,3,0
2026-03-17 14:22:57,Lagos_HQ,469.53,68.17,UP,-83,14,3,0
2026-03-17 14:22:57,Abuja_Branch,760.65,504.98,UP,-86,19,3,0
2026-03-17 14:22:57,Benin_Branch,666.07,234.4,UP,-91,-4,3,0
2026-03-17 14:23:14,Lagos_HQ,67.65,14.6,UP,-81,-5,2,0
2026-03-17 14:23:14,Abuja_Branch,278.47,35.35,UP,-91,18,2,0
2026-03-17 14:23:14,Benin_Branch,199.17,15.3,UP,-107,10,2,0
2026-03-17 14:23:28,Lagos_HQ,197.97,108.04,UP,-85,0,3,0
2026-03-17 14:23:28,Abuja_Branch,181.73,21.25,UP,-70,22,3,0
2026-03-17 14:23:28,Benin_Branch,510.42,207.21,UP,-77,2,3,0
2026-03-17 14:23:43,Lagos_HQ,852.15,0.0,UP,-82,3,3,0
2026-03-17 14:23:43,Abuja_Branch,667.77,420.8,UP,-85,12,3,0
2026-03-17 14:23:43,Benin_Branch,726.62,795.47,UP,-89,-3,3,0
2026-03-17 14:24:02,Lagos_HQ,854.5,436.51,UP,-106,2,4,0
2026-03-17 14:24:02,Abuja_Branch,653.59,556.0,UP,-104,17,4,0
2026-03-17 14:24:02,Benin_Branch,508.2,624.17,UP,-92,-3,4,0
2026-03-17 14:24:20,Lagos_HQ,517.16,640.58,UP,-109,25,4,0
2026-03-17 14:24:20,Abuja_Branch,526.36,290.78,UP,-110,17,4,0
2026-03-17 14:24:20,Benin_Branch,664.58,605.97,UP,-74,16,4,0
2026-03-17 14:24:37,Lagos_HQ,927.88,0.0,UP,-95,12,2,0
2026-03-17 14:24:37,Abuja_Branch,213.69,72.98,UP,-91,20,2,0
2026-03-17 14:24:37,Benin_Branch,212.67,108.89,UP,-104,16,2,0
2026-03-17 14:24:54,Lagos_HQ,44.27,3.3,UP,-72,12,2,0
2026-03-17 14:24:54,Abuja_Branch,189.06,19.49,UP,-81,4,2,0
2026-03-17 14:24:54,Benin_Branch,327.55,116.69,UP,-87,17,2,0
2026-03-17 14:25:07,Lagos_HQ,615.94,333.76,UP,-80,15,4,0
2026-03-17 14:25:07,Abuja_Branch,529.53,42.95,UP,-79,2,4,0
2026-03-17 14:25:07,Benin_Branch,803.92,0.0,UP,-76,23,4,0
2026-03-17 14:25:25,Lagos_HQ,50.52,9.06,UP,-70,0,4,0
2026-03-17 14:25:25,Abuja_Branch,205.86,74.85,UP,-102,-3,4,0
2026-03-17 14:25:25,Benin_Branch,195.27,75.59,UP,-85,4,4,0
2026-03-17 14:25:39,Lagos_HQ,126.31,56.86,UP,-97,1,2,0
2026-03-17 14:25:39,Abuja_Branch,296.5,8.69,UP,-91,13,2,0
2026-03-17 14:25:39,Benin_Branch,265.08,136.98,UP,-106,6,2,0
2026-03-17 14:25:53,Lagos_HQ,408.89,863.93,UP,-104,16,3,0
2026-03-17 14:25:53,Abuja_Branch,495.1,22.01,UP,-103,-2,3,0
2026-03-17 14:25:53,Benin_Branch,225.98,168.55,UP,-87,1,3,0
2026-03-17 14:26:08,Lagos_HQ,1000.0,0.0,UP,-90,21,2,0
2026-03-17 14:26:08,Abuja_Branch,711.4,5.37,UP,-106,17,2,0
2026-03-17 14:26:08,Benin_Branch,170.87,7.25,UP,-98,25,2,0
2026-03-17 14:26:26,Lagos_HQ,135.07,27.22,UP,-73,5,3,0
2026-03-17 14:26:26,Abuja_Branch,200.08,38.53,UP,-72,-5,3,0
2026-03-17 14:26:26,Benin_Branch,344.49,27.96,UP,-105,7,3,0
2026-03-17 14:26:40,Lagos_HQ,1000.0,0.0,UP,-70,4,3,0
2026-03-17 14:26:40,Abuja_Branch,405.18,27.81,UP,-77,8,3,0
2026-03-17 14:26:40,Benin_Branch,604.44,156.83,UP,-109,6,3,0
2026-03-17 14:26:58,Lagos_HQ,187.21,41.43,UP,-85,4,4,0
2026-03-17 14:26:58,Abuja_Branch,173.07,17.93,UP,-102,16,4,0
2026-03-17 14:26:58,Benin_Branch,195.76,26.31,UP,-92,18,4,0
2026-03-17 14:27:12,Lagos_HQ,328.96,156.04,UP,-91,10,3,0
2026-03-17 14:27:12,Abuja_Branch,798.31,605.08,UP,-103,0,3,0
2026-03-17 14:27:12,Benin_Branch,681.5,600.19,UP,-77,4,3,0
2026-03-17 14:27:30,Lagos_HQ,243.07,50.67,UP,-99,18,3,0
2026-03-17 14:27:30,Abuja_Branch,685.43,386.56,UP,-84,10,3,0
2026-03-17 14:27:30,Benin_Branch,171.88,15.58,UP,-97,19,3,0
2026-03-17 14:27:45,Lagos_HQ,140.77,278.48,UP,-89,18,3,0
2026-03-17 14:27:45,Abuja_Branch,698.11,434.44,UP,-83,21,3,0
2026-03-17 14:27:45,Benin_Branch,562.17,313.85,UP,-99,2,3,0
2026-03-17 14:28:01,Lagos_HQ,73.88,31.64,UP,-75,25,4,0
2026-03-17 14:28:01,Abuja_Branch,187.79,37.3,UP,-90,16,4,0
2026-03-17 14:28:01,Benin_Branch,252.74,161.22,UP,-89,14,4,0
2026-03-17 14:28:15,Lagos_HQ,563.43,655.9,UP,-81,20,3,0
2026-03-17 14:28:15,Abuja_Branch,546.77,5.01,UP,-72,6,3,0
2026-03-17 14:28:15,Benin_Branch,226.66,28.6,UP,-104,7,3,0
2026-03-17 14:28:31,Lagos_HQ,101.8,32.67,UP,-106,9,2,0
2026-03-17 14:28:31,Abuja_Branch,263.79,71.43,UP,-102,17,2,0
2026-03-17 14:28:31,Benin_Branch,604.08,41.28,UP,-86,11,2,0
2026-03-17 14:28:46,Lagos_HQ,1000.0,0.0,UP,-93,25,2,0
2026-03-17 14:28:46,Abuja_Branch,358.84,303.11,UP,-109,2,2,0
2026-03-17 14:28:46,Benin_Branch,278.52,8.8,UP,-91,20,2,0
2026-03-17 14:29:03,Lagos_HQ,602.13,170.15,UP,-100,1,4,0
2026-03-17 14:29:03,Abuja_Branch,204.73,26.37,UP,-102,25,4,0
2026-03-17 14:29:03,Benin_Branch,447.58,827.05,UP,-89,12,4,0
2026-03-17 14:29:19,Lagos_HQ,744.14,767.59,UP,-108,-5,2,0
2026-03-17 14:29:19,Abuja_Branch,586.96,419.67,UP,-106,7,2,0
2026-03-17 14:29:19,Benin_Branch,224.2,1.64,UP,-97,-2,2,0
2026-03-17 14:29:36,Lagos_HQ,273.04,427.42,UP,-79,0,3,0
2026-03-17 14:29:36,Abuja_Branch,594.44,35.13,UP,-91,-2,3,0
2026-03-17 14:29:36,Benin_Branch,785.58,643.25,UP,-81,-1,3,0
2026-03-17 14:29:53,Lagos_HQ,541.42,209.87,UP,-71,23,2,0
2026-03-17 14:29:53,Abuja_Branch,663.95,506.53,UP,-85,1,2,0
2026-03-17 14:29:53,Benin_Branch,552.52,693.66,UP,-102,25,2,0
2026-03-17 14:30:10,Lagos_HQ,628.62,434.81,UP,-80,21,2,0
2026-03-17 14:30:10,Abuja_Branch,845.67,462.99,UP,-104,13,2,0
2026-03-17 14:30:10,Benin_Branch,722.26,321.93,UP,-85,-4,2,0
2026-03-17 14:30:29,Lagos_HQ,115.8,66.09,UP,-85,-4,2,0
2026-03-17 14:30:29,Abuja_Branch,316.4,141.61,UP,-89,-1,2,0
2026-03-17 14:30:29,Benin_Branch,179.2,15.99,UP,-92,-3,2,0
2026-03-17 14:30:43,Lagos_HQ,444.58,256.14,UP,-110,7,2,0
2026-03-17 14:30:43,Abuja_Branch,821.83,534.51,UP,-82,0,2,0
2026-03-17 14:30:43,Benin_Branch,784.52,0.0,UP,-106,20,2,0
2026-03-17 14:31:01,Lagos_HQ,173.53,159.28,UP,-81,8,2,0
2026-03-17 14:31:01,Abuja_Branch,963.13,110.61,UP,-100,-4,2,0
2026-03-17 14:31:01,Benin_Branch,438.18,710.25,UP,-71,5,2,0
2026-03-17 14:31:18,Lagos_HQ,446.82,462.07,UP,-74,5,2,0
2026-03-17 14:31:18,Abuja_Branch,564.19,287.59,UP,-78,20,2,0
2026-03-17 14:31:18,Benin_Branch,746.53,0.0,UP,-71,8,2,0
2026-03-17 14:31:35,Lagos_HQ,741.69,0.0,UP,-99,2,4,0
2026-03-17 14:31:35,Abuja_Branch,694.04,85.33,UP,-109,-2,4,0
2026-03-17 14:31:35,Benin_Branch,198.15,107.1,UP,-85,14,4,0
2026-03-17 14:31:52,Lagos_HQ,47.88,4.42,UP,-91,-2,2,0
2026-03-17 14:31:52,Abuja_Branch,188.27,8.64,UP,-93,21,2,0
2026-03-17 14:31:52,Benin_Branch,178.65,12.58,UP,-110,1,2,0
2026-03-17 14:32:05,Lagos_HQ,703.02,331.62,UP,-84,4,4,0
2026-03-17 14:32:05,Abuja_Branch,200.56,42.23,UP,-110,7,4,0
2026-03-17 14:32:05,Benin_Branch,197.61,89.83,UP,-76,22,4,0
2026-03-17 14:32:21,Lagos_HQ,378.88,43.92,UP,-102,6,3,0
2026-03-17 14:32:21,Abuja_Branch,375.38,105.86,UP,-81,25,3,0
2026-03-17 14:32:21,Benin_Branch,251.5,4.4,UP,-74,22,3,0
2026-03-17 14:32:36,Lagos_HQ,1000.0,0.0,UP,-83,-5,3,0
2026-03-17 14:32:36,Abuja_Branch,1000.0,0.0,UP,-87,20,3,0
2026-03-17 14:32:36,Benin_Branch,848.06,455.82,UP,-99,-3,3,0
2026-03-17 14:32:57,Lagos_HQ,1000.0,0.0,UP,-97,5,4,0
2026-03-17 14:32:57,Abuja_Branch,728.14,131.02,UP,-88,19,4,0
2026-03-17 14:32:57,Benin_Branch,596.74,21.0,UP,-84,15,4,0
2026-03-17 14:33:16,Lagos_HQ,141.49,18.92,UP,-110,9,3,0
2026-03-17 14:33:16,Abuja_Branch,286.49,18.95,UP,-78,1,3,0
2026-03-17 14:33:16,Benin_Branch,162.17,0.31,UP,-105,-2,3,0
2026-03-17 14:33:29,Lagos_HQ,53.97,29.14,UP,-108,18,2,0
2026-03-17 14:33:29,Abuja_Branch,171.27,1.36,UP,-98,10,2,0
2026-03-17 14:33:29,Benin_Branch,293.58,388.92,UP,-81,-2,2,0
2026-03-17 14:33:43,Lagos_HQ,113.7,202.27,UP,-90,7,4,0
2026-03-17 14:33:43,Abuja_Branch,244.01,4.31,UP,-110,15,4,0
2026-03-17 14:33:43,Benin_Branch,165.78,9.97,UP,-80,20,4,0
2026-03-17 14:33:57,Lagos_HQ,49.86,4.47,UP,-76,25,3,0
2026-03-17 14:33:57,Abuja_Branch,179.23,24.97,UP,-103,14,3,0
2026-03-17 14:33:57,Benin_Branch,169.25,23.75,UP,-95,25,3,0
2026-03-17 14:34:10,Lagos_HQ,101.34,80.18,UP,-101,-5,2,0
2026-03-17 14:34:10,Abuja_Branch,185.56,9.72,UP,-102,0,2,0
2026-03-17 14:34:10,Benin_Branch,221.0,13.64,UP,-102,25,2,0
2026-03-17 14:34:24,Lagos_HQ,209.96,102.4,UP,-79,16,4,0
2026-03-17 14:34:24,Abuja_Branch,328.17,82.22,UP,-101,21,4,0
2026-03-17 14:34:24,Benin_Branch,181.53,7.95,UP,-84,-2,4,0
2026-03-17 14:34:38,Lagos_HQ,430.83,796.12,UP,-78,24,2,0
2026-03-17 14:34:38,Abuja_Branch,319.99,109.47,UP,-78,23,2,0
2026-03-17 14:34:38,Benin_Branch,192.37,18.25,UP,-108,20,2,0
2026-03-17 14:34:53,Lagos_HQ,182.19,113.77,UP,-91,15,2,0
2026-03-17 14:34:53,Abuja_Branch,264.88,43.55,UP,-77,8,2,0
2026-03-17 14:34:53,Benin_Branch,536.74,162.28,UP,-84,9,2,0
2026-03-17 14:35:08,Lagos_HQ,81.78,23.68,UP,-70,-1,2,0
2026-03-17 14:35:08,Abuja_Branch,211.07,26.7,UP,-86,2,2,0
2026-03-17 14:35:08,Benin_Branch,424.89,210.41,UP,-70,7,2,0
2026-03-17 14:35:22,Lagos_HQ,207.11,57.01,UP,-110,-4,4,0
2026-03-17 14:35:22,Abuja_Branch,198.68,11.22,UP,-91,20,4,0
2026-03-17 14:35:22,Benin_Branch,824.5,78.37,UP,-97,10,4,0
2026-03-17 14:35:38,Lagos_HQ,117.07,55.22,UP,-78,-4,3,0
2026-03-17 14:35:38,Abuja_Branch,361.77,290.21,UP,-89,11,3,0
2026-03-17 14:35:38,Benin_Branch,573.07,85.18,UP,-88,8,3,0
2026-03-17 14:35:53,Lagos_HQ,290.22,55.16,UP,-107,12,3,0
2026-03-17 14:35:53,Abuja_Branch,222.83,41.47,UP,-107,3,3,0
2026-03-17 14:35:53,Benin_Branch,364.38,157.59,UP,-102,24,3,0
2026-03-17 14:36:08,Lagos_HQ,83.25,42.63,UP,-77,21,2,0
2026-03-17 14:36:08,Abuja_Branch,175.37,4.62,UP,-86,21,2,0
2026-03-17 14:36:08,Benin_Branch,239.01,0.65,UP,-71,12,2,0
2026-03-17 14:36:21,Lagos_HQ,194.23,88.7,UP,-100,21,4,0
2026-03-17 14:36:21,Abuja_Branch,463.01,820.12,UP,-75,22,4,0
2026-03-17 14:36:21,Benin_Branch,245.94,25.82,UP,-87,-5,4,0
2026-03-17 14:36:36,Lagos_HQ,670.39,0.0,UP,-79,9,4,0
2026-03-17 14:36:36,Abuja_Branch,537.16,759.33,UP,-88,9,4,0
2026-03-17 14:36:36,Benin_Branch,210.52,9.51,UP,-102,6,4,0
2026-03-17 14:36:52,Lagos_HQ,71.58,11.98,UP,-96,19,2,0
2026-03-17 14:36:52,Abuja_Branch,183.6,1.02,UP,-110,2,2,0
2026-03-17 14:36:52,Benin_Branch,192.36,21.05,UP,-89,7,2,0
2026-03-17 14:37:06,Lagos_HQ,466.42,627.74,UP,-93,21,4,0
2026-03-17 14:37:06,Abuja_Branch,359.67,261.21,UP,-101,12,4,0
2026-03-17 14:37:06,Benin_Branch,1000.0,0.0,UP,-84,15,4,0
2026-03-17 14:37:23,Lagos_HQ,793.32,620.04,UP,-91,24,2,0
2026-03-17 14:37:23,Abuja_Branch,255.09,174.73,UP,-101,1,2,0
2026-03-17 14:37:23,Benin_Branch,216.66,9.56,UP,-99,2,2,0
2026-03-17 14:37:39,Lagos_HQ,1000.0,0,UP,-96,10,4,0
2026-03-17 14:37:39,Abuja_Branch,1000.0,0,UP,-76,9,4,0
2026-03-17 14:37:39,Benin_Branch,1000.0,0,UP,-90,-1,4,0
2026-03-17 14:38:00,Lagos_HQ,201.22,109.87,UP,-110,5,3,0
2026-03-17 14:38:00,Abuja_Branch,808.98,573.05,UP,-95,3,3,0
2026-03-17 14:38:00,Benin_Branch,414.95,209.8,UP,-90,11,3,0
2026-03-17 14:38:17,Lagos_HQ,1000.0,0.0,UP,-72,25,2,0
2026-03-17 14:38:17,Abuja_Branch,410.58,145.34,UP,-70,15,2,0
2026-03-17 14:38:17,Benin_Branch,758.19,0.0,UP,-96,2,2,0
2026-03-17 14:38:35,Lagos_HQ,372.06,995.5,UP,-84,-1,2,0
2026-03-17 14:38:35,Abuja_Branch,576.13,246.8,UP,-81,10,2,0
2026-03-17 14:38:35,Benin_Branch,699.52,0.0,UP,-101,5,2,0
2026-03-17 14:38:52,Lagos_HQ,145.43,62.1,UP,-84,0,2,0
2026-03-17 14:38:52,Abuja_Branch,308.56,87.62,UP,-105,5,2,0
2026-03-17 14:38:52,Benin_Branch,562.49,686.34,UP,-81,11,2,0
2026-03-17 14:39:08,Lagos_HQ,186.09,302.26,UP,-86,11,2,0
2026-03-17 14:39:08,Abuja_Branch,462.08,571.81,UP,-73,24,2,0
2026-03-17 14:39:08,Benin_Branch,212.6,21.57,UP,-84,19,2,0
2026-03-17 14:39:22,Lagos_HQ,118.26,124.68,UP,-84,17,3,0
2026-03-17 14:39:22,Abuja_Branch,241.93,153.08,UP,-79,-5,3,0
2026-03-17 14:39:22,Benin_Branch,532.89,144.02,UP,-106,-1,3,0
2026-03-17 14:39:37,Lagos_HQ,567.41,297.0,UP,-95,16,4,0
2026-03-17 14:39:37,Abuja_Branch,301.27,251.71,UP,-94,25,4,0
2026-03-17 14:39:37,Benin_Branch,266.18,26.64,UP,-80,-1,4,0
2026-03-17 14:39:53,Lagos_HQ,159.89,146.81,UP,-82,8,3,0
2026-03-17 14:39:53,Abuja_Branch,285.69,126.57,UP,-107,0,3,0
2026-03-17 14:39:53,Benin_Branch,463.61,828.01,UP,-89,4,3,0
2026-03-17 14:40:07,Lagos_HQ,70.18,0.5,UP,-107,12,2,0
2026-03-17 14:40:07,Abuja_Branch,201.11,35.68,UP,-92,-5,2,0
2026-03-17 14:40:07,Benin_Branch,335.09,40.41,UP,-109,9,2,0
2026-03-17 14:40:21,Lagos_HQ,78.29,15.77,UP,-90,18,2,0
2026-03-17 14:40:21,Abuja_Branch,309.43,109.72,UP,-98,17,2,0
2026-03-17 14:40:21,Benin_Branch,442.72,25.99,UP,-85,23,2,0
2026-03-17 14:40:36,Lagos_HQ,93.44,19.43,UP,-80,5,4,0
2026-03-17 14:40:36,Abuja_Branch,614.66,537.02,UP,-89,2,4,0
2026-03-17 14:40:36,Benin_Branch,539.04,12.46,UP,-89,20,4,0
2026-03-17 14:40:52,Lagos_HQ,144.31,93.07,UP,-73,13,3,0
2026-03-17 14:40:52,Abuja_Branch,256.89,123.63,UP,-70,23,3,0
2026-03-17 14:40:52,Benin_Branch,225.56,5.94,UP,-75,10,3,0
2026-03-17 14:41:06,Lagos_HQ,161.02,174.0,UP,-95,0,3,0
2026-03-17 14:41:06,Abuja_Branch,203.67,67.5,UP,-85,14,3,0
2026-03-17 14:41:06,Benin_Branch,303.47,266.64,UP,-102,7,3,0
2026-03-17 14:41:20,Lagos_HQ,1000.0,0,UP,-96,-2,2,0
2026-03-17 14:41:20,Abuja_Branch,1000.0,0,UP,-92,21,2,0
2026-03-17 14:41:20,Benin_Branch,1000.0,0,UP,-109,7,2,0
2026-03-17 14:41:41,Lagos_HQ,1000.0,0.0,UP,-70,14,2,0
2026-03-17 14:41:41,Abuja_Branch,544.46,366.68,UP,-107,9,2,0
2026-03-17 14:41:41,Benin_Branch,978.66,64.02,UP,-103,5,2,0
2026-03-17 14:42:00,Lagos_HQ,1000.0,0,UP,-83,19,4,0
2026-03-17 14:42:00,Abuja_Branch,1000.0,0,UP,-75,5,4,0
2026-03-17 14:42:00,Benin_Branch,1000.0,0,UP,-83,8,4,0
2026-03-17 14:42:21,Lagos_HQ,1000.0,0,UP,-91,-1,4,0
2026-03-17 14:42:21,Abuja_Branch,1000.0,0,UP,-80,-3,4,0
2026-03-17 14:42:21,Benin_Branch,1000.0,0,UP,-84,5,4,0
2026-03-17 14:42:41,Lagos_HQ,1000.0,0,UP,-106,9,4,0
2026-03-17 14:42:41,Abuja_Branch,1000.0,0,UP,-105,-3,4,0
2026-03-17 14:42:41,Benin_Branch,1000.0,0,UP,-102,10,4,0
2026-03-17 14:43:01,Lagos_HQ,1000.0,0,UP,-78,-2,2,0
2026-03-17 14:43:01,Abuja_Branch,1000.0,0,UP,-70,19,2,0
2026-03-17 14:43:01,Benin_Branch,1000.0,0,UP,-92,3,2,0
2026-03-17 14:43:20,Lagos_HQ,1000.0,0,UP,-88,4,4,0
2026-03-17 14:43:20,Abuja_Branch,1000.0,0,UP,-110,7,4,0
2026-03-17 14:43:20,Benin_Branch,1000.0,0,UP,-91,7,4,0
2026-03-17 14:43:39,Lagos_HQ,1000.0,0,UP,-84,18,2,0
2026-03-17 14:43:39,Abuja_Branch,1000.0,0,UP,-88,21,2,0
2026-03-17 14:43:39,Benin_Branch,1000.0,0,UP,-109,16,2,0
2026-03-17 14:43:58,Lagos_HQ,1000.0,0,UP,-102,-3,4,0
2026-03-17 14:43:58,Abuja_Branch,1000.0,0,UP,-103,11,4,0
2026-03-17 14:43:58,Benin_Branch,1000.0,0,UP,-76,-1,4,0
2026-03-17 14:44:17,Lagos_HQ,1000.0,0,UP,-83,10,2,0
2026-03-17 14:44:17,Abuja_Branch,1000.0,0,UP,-98,-5,2,0
2026-03-17 14:44:17,Benin_Branch,1000.0,0,UP,-93,11,2,0
2026-03-17 14:44:36,Lagos_HQ,1000.0,0,UP,-103,21,3,0
2026-03-17 14:44:36,Abuja_Branch,1000.0,0,UP,-76,20,3,0
2026-03-17 14:44:36,Benin_Branch,1000.0,0,UP,-104,-5,3,0
2026-03-17 14:44:55,Lagos_HQ,1000.0,0,UP,-76,15,2,0
2026-03-17 14:44:55,Abuja_Branch,1000.0,0,UP,-100,6,2,0
2026-03-17 14:44:55,Benin_Branch,1000.0,0,UP,-87,11,2,0
2026-03-17 14:45:14,Lagos_HQ,1000.0,0,UP,-80,2,4,0
2026-03-17 14:45:14,Abuja_Branch,1000.0,0,UP,-81,10,4,0
2026-03-17 14:45:14,Benin_Branch,1000.0,0,UP,-78,11,4,0
2026-03-17 14:45:33,Lagos_HQ,1000.0,0,UP,-79,24,3,0
2026-03-17 14:45:33,Abuja_Branch,1000.0,0,UP,-79,14,3,0
2026-03-17 14:45:33,Benin_Branch,1000.0,0,UP,-101,22,3,0
2026-03-17 14:45:53,Lagos_HQ,1000.0,0,UP,-74,-2,4,0
2026-03-17 14:45:53,Abuja_Branch,1000.0,0,UP,-72,16,4,0
2026-03-17 14:45:53,Benin_Branch,1000.0,0,UP,-104,-1,4,0
2026-03-17 14:46:12,Lagos_HQ,1000.0,0,UP,-99,24,3,0
2026-03-17 14:46:12,Abuja_Branch,1000.0,0,UP,-96,14,3,0
2026-03-17 14:46:12,Benin_Branch,1000.0,0,UP,-76,14,3,0
2026-03-17 14:46:31,Lagos_HQ,1000.0,0,UP,-102,2,4,0
2026-03-17 14:46:31,Abuja_Branch,1000.0,0,UP,-96,9,4,0
2026-03-17 14:46:31,Benin_Branch,1000.0,0,UP,-110,10,4,0
2026-03-17 14:46:50,Lagos_HQ,1000.0,0,UP,-82,3,4,0
2026-03-17 14:46:50,Abuja_Branch,1000.0,0,UP,-76,3,4,0
2026-03-17 14:46:50,Benin_Branch,1000.0,0,UP,-85,9,4,0
2026-03-17 14:47:09,Lagos_HQ,1000.0,0,UP,-96,0,3,0
2026-03-17 14:47:09,Abuja_Branch,1000.0,0,UP,-103,4,3,0
2026-03-17 14:47:09,Benin_Branch,1000.0,0,UP,-91,22,3,0
2026-03-17 14:47:28,Lagos_HQ,1000.0,0,UP,-95,17,3,0
2026-03-17 14:47:28,Abuja_Branch,1000.0,0,UP,-90,21,3,0
2026-03-17 14:47:28,Benin_Branch,1000.0,0,UP,-72,16,3,0
2026-03-17 14:47:47,Lagos_HQ,1000.0,0,UP,-93,25,3,0
2026-03-17 14:47:47,Abuja_Branch,1000.0,0,UP,-76,8,3,0
2026-03-17 14:47:47,Benin_Branch,1000.0,0,UP,-78,7,3,0
2026-03-17 14:48:06,Lagos_HQ,1000.0,0,UP,-92,-3,3,0
2026-03-17 14:48:06,Abuja_Branch,1000.0,0,UP,-84,5,3,0
2026-03-17 14:48:06,Benin_Branch,1000.0,0,UP,-100,13,3,0
2026-03-17 14:48:26,Lagos_HQ,1000.0,0,UP,-80,19,2,0
2026-03-17 14:48:26,Abuja_Branch,1000.0,0,UP,-109,21,2,0
2026-03-17 14:48:26,Benin_Branch,1000.0,0,UP,-73,16,2,0
2026-03-17 14:48:45,Lagos_HQ,1000.0,0,UP,-103,-2,4,0
2026-03-17 14:48:45,Abuja_Branch,1000.0,0,UP,-110,25,4,0
2026-03-17 14:48:45,Benin_Branch,1000.0,0,UP,-93,10,4,0
2026-03-17 14:49:04,Lagos_HQ,1000.0,0,UP,-74,22,3,0
2026-03-17 14:49:04,Abuja_Branch,1000.0,0,UP,-95,14,3,0
2026-03-17 14:49:04,Benin_Branch,1000.0,0,UP,-78,-1,3,0
2026-03-17 14:49:23,Lagos_HQ,1000.0,0,UP,-74,7,2,0
2026-03-17 14:49:23,Abuja_Branch,1000.0,0,UP,-105,2,2,0
2026-03-17 14:49:23,Benin_Branch,1000.0,0,UP,-90,-2,2,0
2026-03-17 14:49:42,Lagos_HQ,1000.0,0,UP,-94,17,4,0
2026-03-17 14:49:42,Abuja_Branch,1000.0,0,UP,-96,6,4,0
2026-03-17 14:49:42,Benin_Branch,1000.0,0,UP,-73,1,4,0
2026-03-17 14:50:01,Lagos_HQ,1000.0,0,UP,-95,24,2,0
2026-03-17 14:50:01,Abuja_Branch,1000.0,0,UP,-81,-3,2,0
2026-03-17 14:50:01,Benin_Branch,1000.0,0,UP,-105,-3,2,0
2026-03-17 14:50:20,Lagos_HQ,1000.0,0,UP,-102,17,3,0
2026-03-17 14:50:20,Abuja_Branch,1000.0,0,UP,-85,14,3,0
2026-03-17 14:50:20,Benin_Branch,1000.0,0,UP,-99,1,3,0
2026-03-17 14:50:39,Lagos_HQ,1000.0,0,UP,-83,1,2,0
2026-03-17 14:50:39,Abuja_Branch,1000.0,0,UP,-105,22,2,0
2026-03-17 14:50:39,Benin_Branch,1000.0,0,UP,-95,23,2,0
2026-03-17 14:50:59,Lagos_HQ,1000.0,0,UP,-110,-3,4,0
2026-03-17 14:50:59,Abuja_Branch,1000.0,0,UP,-95,18,4,0
2026-03-17 14:50:59,Benin_Branch,1000.0,0,UP,-75,20,4,0
2026-03-17 14:51:18,Lagos_HQ,1000.0,0,UP,-94,16,2,0
2026-03-17 14:51:18,Abuja_Branch,1000.0,0,UP,-96,24,2,0
2026-03-17 14:51:18,Benin_Branch,1000.0,0,UP,-106,25,2,0
2026-03-17 14:51:37,Lagos_HQ,1000.0,0,UP,-104,20,3,0
2026-03-17 14:51:37,Abuja_Branch,1000.0,0,UP,-103,17,3,0
2026-03-17 14:51:37,Benin_Branch,1000.0,0,UP,-107,19,3,0
2026-03-17 14:51:56,Lagos_HQ,1000.0,0,UP,-92,10,2,0
2026-03-17 14:51:56,Abuja_Branch,1000.0,0,UP,-85,7,2,0
2026-03-17 14:51:56,Benin_Branch,1000.0,0,UP,-83,24,2,0
2026-03-17 14:52:15,Lagos_HQ,1000.0,0,UP,-110,22,3,0
2026-03-17 14:52:15,Abuja_Branch,1000.0,0,UP,-99,-1,3,0
2026-03-17 14:52:15,Benin_Branch,1000.0,0,UP,-106,21,3,0
2026-03-17 14:52:34,Lagos_HQ,1000.0,0,UP,-74,14,2,0
2026-03-17 14:52:34,Abuja_Branch,1000.0,0,UP,-73,25,2,0
2026-03-17 14:52:34,Benin_Branch,1000.0,0,UP,-93,5,2,0
2026-03-17 14:52:53,Lagos_HQ,1000.0,0,UP,-103,-4,4,0
2026-03-17 14:52:53,Abuja_Branch,1000.0,0,UP,-86,18,4,0
2026-03-17 14:52:53,Benin_Branch,1000.0,0,UP,-104,18,4,0
2026-03-17 14:53:12,Lagos_HQ,1000.0,0,UP,-79,25,3,0
2026-03-17 14:53:12,Abuja_Branch,1000.0,0,UP,-96,7,3,0
2026-03-17 14:53:12,Benin_Branch,1000.0,0,UP,-101,-4,3,0
2026-03-17 14:53:31,Lagos_HQ,1000.0,0,UP,-85,18,4,0
2026-03-17 14:53:31,Abuja_Branch,1000.0,0,UP,-88,19,4,0
2026-03-17 14:53:31,Benin_Branch,1000.0,0,UP,-82,2,4,0
2026-03-17 14:53:51,Lagos_HQ,1000.0,0,UP,-104,15,3,0
2026-03-17 14:53:51,Abuja_Branch,1000.0,0,UP,-106,2,3,0
2026-03-17 14:53:51,Benin_Branch,1000.0,0,UP,-83,17,3,0
2026-03-17 14:54:10,Lagos_HQ,1000.0,0,UP,-110,-5,2,0
2026-03-17 14:54:10,Abuja_Branch,1000.0,0,UP,-102,5,2,0
2026-03-17 14:54:10,Benin_Branch,1000.0,0,UP,-99,-4,2,0
2026-03-17 14:54:29,Lagos_HQ,1000.0,0,UP,-75,19,4,0
2026-03-17 14:54:29,Abuja_Branch,1000.0,0,UP,-98,-3,4,0
2026-03-17 14:54:29,Benin_Branch,1000.0,0,UP,-94,12,4,0
2026-03-17 14:54:48,Lagos_HQ,1000.0,0,UP,-97,15,4,0
2026-03-17 14:54:48,Abuja_Branch,1000.0,0,UP,-97,8,4,0
2026-03-17 14:54:48,Benin_Branch,1000.0,0,UP,-72,18,4,0
2026-03-17 14:55:07,Lagos_HQ,1000.0,0,UP,-81,16,4,0
2026-03-17 14:55:07,Abuja_Branch,1000.0,0,UP,-83,24,4,0
2026-03-17 14:55:07,Benin_Branch,1000.0,0,UP,-71,2,4,0
2026-03-17 14:55:26,Lagos_HQ,1000.0,0,UP,-89,7,2,0
2026-03-17 14:55:26,Abuja_Branch,1000.0,0,UP,-89,20,2,0
2026-03-17 14:55:26,Benin_Branch,1000.0,0,UP,-97,-5,2,0
2026-03-17 14:55:46,Lagos_HQ,1000.0,0,UP,-86,21,4,0
2026-03-17 14:55:46,Abuja_Branch,1000.0,0,UP,-77,24,4,0
2026-03-17 14:55:46,Benin_Branch,1000.0,0,UP,-92,-1,4,0
2026-03-17 14:56:05,Lagos_HQ,1000.0,0,UP,-77,-1,2,0
2026-03-17 14:56:05,Abuja_Branch,1000.0,0,UP,-104,11,2,0
2026-03-17 14:56:05,Benin_Branch,1000.0,0,UP,-70,-4,2,0
2026-03-17 14:56:24,Lagos_HQ,1000.0,0,UP,-106,15,3,0
2026-03-17 14:56:24,Abuja_Branch,1000.0,0,UP,-80,13,3,0
2026-03-17 14:56:24,Benin_Branch,1000.0,0,UP,-91,15,3,0
2026-03-17 14:56:43,Lagos_HQ,1000.0,0,UP,-80,11,2,0
2026-03-17 14:56:43,Abuja_Branch,1000.0,0,UP,-103,12,2,0
2026-03-17 14:56:43,Benin_Branch,1000.0,0,UP,-73,11,2,0
2026-03-17 14:57:02,Lagos_HQ,1000.0,0,UP,-87,21,2,0
2026-03-17 14:57:02,Abuja_Branch,1000.0,0,UP,-95,19,2,0
2026-03-17 14:57:02,Benin_Branch,1000.0,0,UP,-80,10,2,0
2026-03-17 14:57:21,Lagos_HQ,1000.0,0,UP,-103,-5,2,0
2026-03-17 14:57:21,Abuja_Branch,1000.0,0,UP,-89,5,2,0
2026-03-17 14:57:21,Benin_Branch,1000.0,0,UP,-72,1,2,0
2026-03-17 14:57:41,Lagos_HQ,1000.0,0,UP,-102,-1,2,0
2026-03-17 14:57:41,Abuja_Branch,1000.0,0,UP,-89,1,2,0
2026-03-17 14:57:41,Benin_Branch,1000.0,0,UP,-103,14,2,0
2026-03-17 14:58:00,Lagos_HQ,1000.0,0,UP,-89,-5,3,0
2026-03-17 14:58:00,Abuja_Branch,1000.0,0,UP,-109,-5,3,0
2026-03-17 14:58:00,Benin_Branch,1000.0,0,UP,-95,20,3,0
2026-03-17 14:58:19,Lagos_HQ,1000.0,0,UP,-70,2,4,0
2026-03-17 14:58:19,Abuja_Branch,1000.0,0,UP,-79,-4,4,0
2026-03-17 14:58:19,Benin_Branch,1000.0,0,UP,-87,18,4,0
2026-03-17 14:58:38,Lagos_HQ,1000.0,0,UP,-75,22,4,0
2026-03-17 14:58:38,Abuja_Branch,1000.0,0,UP,-72,14,4,0
2026-03-17 14:58:38,Benin_Branch,1000.0,0,UP,-89,25,4,0
2026-03-17 14:58:57,Lagos_HQ,1000.0,0,UP,-103,2,2,0
2026-03-17 14:58:57,Abuja_Branch,1000.0,0,UP,-84,8,2,0
2026-03-17 14:58:57,Benin_Branch,1000.0,0,UP,-85,14,2,0
2026-03-17 14:59:20,Lagos_HQ,1000.0,0,UP,-74,20,4,0
2026-03-17 14:59:20,Abuja_Branch,1000.0,0,UP,-87,8,4,0
2026-03-17 14:59:20,Benin_Branch,1000.0,0,UP,-104,14,4,0
2026-03-17 14:59:39,Lagos_HQ,1000.0,0,UP,-95,23,2,0
2026-03-17 14:59:39,Abuja_Branch,1000.0,0,UP,-97,9,2,0
2026-03-17 14:59:39,Benin_Branch,1000.0,0,UP,-93,-3,2,0
